Week,None,D0,D1,D2,D3,D4,DSCI
2025-02-18,41.82,16.61,16.74,10.08,14.75,0.00,139
2025-02-11,33.22,12.47,19.65,13.45,21.21,0.00,177
2025-02-04,33.22,12.47,19.65,13.45,21.21,0.00,177
2025-01-28,33.22,12.47,21.45,20.98,11.88,0.00,166
2025-01-21,33.22,27.40,6.53,20.96,11.90,0.00,151
2025-01-14,39.11,24.96,8.98,25.88,1.06,0.00,125
2025-01-07,39.11,24.96,25.50,9.37,1.06,0.00,108
2024-12-31,40.90,27.58,25.82,4.63,1.06,0.00,97
2024-12-24,43.49,39.79,11.03,4.67,1.03,0.00,80
2024-12-17,43.49,39.79,11.03,4.67,1.03,0.00,80
2024-12-10,43.46,39.82,11.03,4.67,1.03,0.00,80
2024-12-03,56.78,26.50,11.03,4.67,1.03,0.00,67
2024-11-26,56.09,27.18,11.03,4.67,1.03,0.00,67
2024-11-19,28.61,54.52,11.37,4.56,0.95,0.00,95
2024-11-12,25.51,57.48,11.50,4.56,0.95,0.00,98
2024-11-05,25.53,62.21,7.95,4.30,0.00,0.00,91
2024-10-29,25.37,62.37,7.96,4.30,0.00,0.00,91
2024-10-22,24.68,61.28,9.74,4.30,0.00,0.00,94
2024-10-15,24.68,61.28,9.74,4.30,0.00,0.00,94
2024-10-08,24.68,61.55,12.06,1.72,0.00,0.00,91
2024-10-01,28.40,60.94,10.59,0.08,0.00,0.00,82
2024-09-24,28.59,60.75,10.59,0.08,0.00,0.00,82
2024-09-17,28.59,60.75,10.59,0.08,0.00,0.00,82
2024-09-10,28.59,60.73,10.61,0.08,0.00,0.00,82
2024-09-03,45.59,46.05,8.36,0.00,0.00,0.00,63
2024-08-27,58.11,34.98,6.81,0.10,0.00,0.00,49
2024-08-20,66.59,26.50,6.81,0.10,0.00,0.00,40
2024-08-13,77.29,17.40,5.32,0.00,0.00,0.00,28
2024-08-06,77.26,17.43,5.32,0.00,0.00,0.00,28
2024-07-30,78.78,16.77,4.44,0.00,0.00,0.00,26
2024-07-23,78.80,16.76,4.44,0.00,0.00,0.00,26
2024-07-16,78.80,19.59,1.62,0.00,0.00,0.00,23
2024-07-09,80.72,18.50,0.77,0.00,0.00,0.00,20
2024-07-02,94.25,5.75,0.00,0.00,0.00,0.00,6
2024-06-25,97.18,2.82,0.00,0.00,0.00,0.00,3
2024-06-18,98.79,1.21,0.00,0.00,0.00,0.00,1
2024-06-11,98.79,1.21,0.00,0.00,0.00,0.00,1
2024-06-04,98.78,1.22,0.00,0.00,0.00,0.00,1
2024-05-28,98.77,1.23,0.00,0.00,0.00,0.00,1
2024-05-21,98.77,1.23,0.00,0.00,0.00,0.00,1
2024-05-14,98.77,1.23,0.00,0.00,0.00,0.00,1
2024-05-07,97.32,2.68,0.00,0.00,0.00,0.00,3
2024-04-30,97.32,2.68,0.00,0.00,0.00,0.00,3
2024-04-23,97.32,2.68,0.00,0.00,0.00,0.00,3
2024-04-16,97.32,2.68,0.00,0.00,0.00,0.00,3
2024-04-09,97.32,2.68,0.00,0.00,0.00,0.00,3
2024-04-02,95.46,4.54,0.00,0.00,0.00,0.00,5
2024-03-26,95.46,4.54,0.00,0.00,0.00,0.00,5
2024-03-19,95.46,4.54,0.00,0.00,0.00,0.00,5
2024-03-12,95.46,4.54,0.00,0.00,0.00,0.00,5
2024-03-05,95.46,4.54,0.00,0.00,0.00,0.00,5
2024-02-27,92.97,7.03,0.00,0.00,0.00,0.00,7
2024-02-20,92.97,7.03,0.00,0.00,0.00,0.00,7
2024-02-13,92.81,7.19,0.00,0.00,0.00,0.00,7
2024-02-06,92.84,7.16,0.00,0.00,0.00,0.00,7
2024-01-30,90.53,9.47,0.00,0.00,0.00,0.00,9
2024-01-23,96.55,3.45,0.00,0.00,0.00,0.00,3
2024-01-16,96.65,3.35,0.00,0.00,0.00,0.00,3
2024-01-09,96.65,3.35,0.00,0.00,0.00,0.00,3
2024-01-02,96.65,3.35,0.00,0.00,0.00,0.00,3
2023-12-26,96.65,3.35,0.00,0.00,0.00,0.00,3
2023-12-19,96.33,3.67,0.00,0.00,0.00,0.00,4
2023-12-12,96.33,3.67,0.00,0.00,0.00,0.00,4
2023-12-05,96.33,3.67,0.00,0.00,0.00,0.00,4
2023-11-28,95.32,4.68,0.00,0.00,0.00,0.00,5
2023-11-21,95.32,4.68,0.00,0.00,0.00,0.00,5
2023-11-14,95.32,4.68,0.00,0.00,0.00,0.00,5
2023-11-07,94.04,5.96,0.00,0.00,0.00,0.00,6
2023-10-31,94.34,5.66,0.00,0.00,0.00,0.00,6
2023-10-24,94.32,5.68,0.00,0.00,0.00,0.00,6
2023-10-17,94.32,5.68,0.00,0.00,0.00,0.00,6
2023-10-10,93.98,5.95,0.07,0.00,0.00,0.00,6
2023-10-03,94.01,5.93,0.07,0.00,0.00,0.00,6
2023-09-26,94.01,5.93,0.07,0.00,0.00,0.00,6
2023-09-19,93.53,6.23,0.24,0.00,0.00,0.00,7
2023-09-12,93.54,6.24,0.22,0.00,0.00,0.00,7
2023-09-05,93.53,6.25,0.22,0.00,0.00,0.00,7
2023-08-29,93.35,5.30,1.35,0.00,0.00,0.00,8
2023-08-22,93.33,5.30,1.38,0.00,0.00,0.00,8
2023-08-15,74.56,18.17,7.27,0.00,0.00,0.00,33
2023-08-08,74.55,18.18,7.28,0.00,0.00,0.00,33
2023-08-01,74.43,19.05,6.52,0.00,0.00,0.00,32
2023-07-25,74.43,19.28,6.29,0.00,0.00,0.00,32
2023-07-18,74.45,19.26,6.29,0.00,0.00,0.00,32
2023-07-11,71.95,21.76,6.29,0.00,0.00,0.00,34
2023-07-04,71.95,23.42,4.63,0.00,0.00,0.00,33
2023-06-27,71.88,23.49,4.63,0.00,0.00,0.00,33
2023-06-20,72.32,23.05,4.63,0.00,0.00,0.00,32
2023-06-13,72.32,23.05,4.63,0.00,0.00,0.00,32
2023-06-06,70.88,24.49,4.63,0.00,0.00,0.00,34
2023-05-30,70.88,24.49,4.63,0.00,0.00,0.00,34
2023-05-23,70.86,24.51,4.63,0.00,0.00,0.00,34
2023-05-16,68.02,26.03,5.95,0.00,0.00,0.00,38
2023-05-09,68.02,26.03,5.95,0.00,0.00,0.00,38
2023-05-02,68.04,23.98,7.98,0.00,0.00,0.00,40
2023-04-25,68.04,23.98,7.98,0.00,0.00,0.00,40
2023-04-18,65.67,25.55,8.79,0.00,0.00,0.00,43
2023-04-11,65.67,25.55,8.79,0.00,0.00,0.00,43
2023-04-04,56.17,18.97,24.04,0.82,0.00,0.00,70
2023-03-28,55.34,16.55,26.17,1.95,0.00,0.00,75
2023-03-21,48.51,15.61,27.39,8.49,0.00,0.00,96
2023-03-14,44.66,18.92,27.93,8.49,0.00,0.00,100
2023-03-07,26.84,30.10,24.06,19.00,0.00,0.00,135
2023-02-28,16.71,34.17,24.17,24.96,0.00,0.00,157
2023-02-21,0.61,14.80,51.98,32.62,0.00,0.00,217
2023-02-14,0.64,14.76,51.98,32.62,0.00,0.00,217
2023-02-07,0.64,14.76,51.98,32.62,0.00,0.00,217
2023-01-31,0.64,9.80,56.99,32.57,0.00,0.00,221
2023-01-24,0.64,9.80,56.99,32.57,0.00,0.00,221
2023-01-17,0.64,7.24,49.27,42.84,0.00,0.00,234
2023-01-10,0.00,4.62,49.38,45.68,0.32,0.00,242
2023-01-03,0.00,2.07,26.79,44.04,27.10,0.00,296
2022-12-27,0.00,2.06,17.38,45.06,28.33,7.16,321
2022-12-20,0.00,2.06,17.38,45.06,28.33,7.16,321
2022-12-13,0.00,2.06,17.38,45.06,28.33,7.16,321
2022-12-06,0.00,0.52,14.51,44.89,27.35,12.73,337
2022-11-29,0.00,0.52,14.51,44.05,28.19,12.73,338
2022-11-22,0.00,0.52,14.51,44.05,28.19,12.73,338
2022-11-15,0.00,0.52,14.51,44.05,28.18,12.73,338
2022-11-08,0.00,0.49,11.43,46.69,24.83,16.57,346
2022-11-01,0.00,0.23,7.94,48.76,26.50,16.57,351
2022-10-25,0.00,0.23,7.94,48.76,26.50,16.57,351
2022-10-18,0.00,0.23,7.94,50.92,24.34,16.57,349
2022-10-11,0.00,0.23,5.77,53.09,24.34,16.57,351
2022-10-04,0.00,0.23,5.75,53.12,24.34,16.57,351
2022-09-27,0.00,0.24,5.75,53.11,24.34,16.57,351
2022-09-20,0.00,0.24,5.70,53.15,24.34,16.57,351
2022-09-13,0.00,0.24,5.70,53.15,24.34,16.57,351
2022-09-06,0.00,0.24,2.24,57.35,23.61,16.57,354
2022-08-30,0.00,0.24,2.24,57.35,23.61,16.57,354
2022-08-23,0.00,0.24,2.24,54.36,26.59,16.57,357
2022-08-16,0.00,0.24,2.24,54.36,26.59,16.57,357
2022-08-09,0.00,0.23,2.25,51.71,29.28,16.53,360
2022-08-02,0.00,0.22,2.31,37.66,47.70,12.12,369
2022-07-26,0.00,0.22,2.31,37.66,47.07,12.74,370
2022-07-19,0.00,0.22,2.31,37.66,47.07,12.74,370
2022-07-12,0.00,0.20,2.31,37.67,47.07,12.74,370
2022-07-05,0.00,0.20,2.31,37.67,48.22,11.59,369
2022-06-28,0.00,0.21,2.31,37.67,48.22,11.59,369
2022-06-21,0.00,0.21,2.31,37.67,48.22,11.59,369
2022-06-14,0.00,0.21,2.31,37.67,48.22,11.59,369
2022-06-07,0.00,0.21,2.31,37.67,48.22,11.59,369
2022-05-31,0.00,0.14,2.30,37.75,48.22,11.59,369
2022-05-24,0.00,0.14,2.30,37.75,48.22,11.59,369
2022-05-17,0.00,0.14,4.73,35.32,59.64,0.18,355
2022-05-10,0.00,0.14,4.73,35.32,59.81,0.00,355
2022-05-03,0.00,0.00,4.82,54.67,40.51,0.00,336
2022-04-26,0.00,0.00,4.82,54.62,40.56,0.00,336
2022-04-19,0.00,0.00,4.82,54.37,40.81,0.00,336
2022-04-12,0.00,0.00,4.25,48.88,46.87,0.00,343
2022-04-05,0.00,0.00,6.35,52.97,40.67,0.00,334
2022-03-29,0.00,0.00,6.35,53.40,40.25,0.00,334
2022-03-22,0.00,0.00,6.35,55.95,37.69,0.00,331
2022-03-15,0.00,0.00,6.77,58.01,35.22,0.00,328
2022-03-08,0.00,0.00,13.02,74.16,12.82,0.00,300
2022-03-01,0.00,0.00,13.02,74.16,12.82,0.00,300
2022-02-22,0.00,0.00,31.23,62.07,6.70,0.00,275
2022-02-15,0.00,0.43,33.19,65.00,1.39,0.00,267
2022-02-08,0.00,0.75,32.83,65.03,1.39,0.00,267
2022-02-01,0.00,0.75,32.86,65.00,1.39,0.00,267
2022-01-25,0.00,0.75,32.86,65.00,1.39,0.00,267
2022-01-18,0.00,0.75,32.86,65.00,1.39,0.00,267
2022-01-11,0.00,0.75,32.86,65.00,1.39,0.00,267
2022-01-04,0.00,0.70,31.68,51.01,15.76,0.84,284
2021-12-28,0.00,0.00,13.72,53.35,32.10,0.84,320
2021-12-21,0.00,0.00,7.56,13.00,56.33,23.11,395
2021-12-14,0.00,0.00,7.57,12.15,52.01,28.27,401
2021-12-07,0.00,0.00,7.57,12.15,52.01,28.27,401
2021-11-30,0.00,0.00,7.57,12.15,52.01,28.27,401
2021-11-23,0.00,0.00,7.57,12.15,52.01,28.27,401
2021-11-16,0.00,0.00,7.57,12.15,42.66,37.62,410
2021-11-09,0.00,0.00,7.57,12.15,42.66,37.62,410
2021-11-02,0.00,0.00,6.19,10.48,44.59,38.74,416
2021-10-26,0.00,0.00,6.19,10.48,44.59,38.74,416
2021-10-19,0.00,0.00,6.19,6.63,41.52,45.66,427
2021-10-12,0.00,0.00,6.07,6.75,41.52,45.66,427
2021-10-05,0.00,0.00,6.07,6.05,42.22,45.66,427
2021-09-28,0.00,0.00,6.07,6.05,42.22,45.66,427
2021-09-21,0.00,0.00,6.07,6.05,42.22,45.66,427
2021-09-14,0.00,0.00,6.07,5.99,42.28,45.66,428
2021-09-07,0.00,0.00,6.07,5.99,42.28,45.66,428
2021-08-31,0.00,0.00,4.44,7.19,40.98,47.40,431
2021-08-24,0.00,0.00,4.42,7.21,40.98,47.40,431
2021-08-17,0.00,0.00,4.42,7.21,39.40,48.97,433
2021-08-10,0.00,0.00,4.93,6.69,41.28,47.10,431
2021-08-03,0.00,0.00,4.93,6.69,41.93,46.45,430
2021-07-27,0.00,0.00,4.91,6.50,42.10,46.49,430
2021-07-20,0.00,0.00,5.25,9.00,52.33,33.42,414
2021-07-13,0.00,0.00,5.25,9.02,52.41,33.32,414
2021-07-06,0.00,0.00,5.27,9.29,52.12,33.32,413
2021-06-29,0.00,0.00,5.27,9.29,52.12,33.32,413
2021-06-22,0.00,0.00,5.27,9.29,52.12,33.32,413
2021-06-15,0.00,0.00,5.25,9.31,52.12,33.32,414
2021-06-08,0.00,0.00,5.25,9.55,51.88,33.32,413
2021-06-01,0.00,0.00,5.39,20.15,48.41,26.04,395
2021-05-25,0.00,0.00,5.39,20.15,48.41,26.04,395
2021-05-18,0.00,0.00,5.69,20.98,57.42,15.91,384
2021-05-11,0.00,0.00,5.69,20.98,59.81,13.53,381
2021-05-04,0.00,2.48,4.63,19.58,67.94,5.36,369
2021-04-27,0.00,2.49,9.56,35.09,47.50,5.36,344
2021-04-20,0.00,3.46,11.17,35.51,44.50,5.36,337
2021-04-13,0.78,5.09,17.16,38.29,33.32,5.36,314
2021-04-06,0.77,6.58,22.97,34.27,30.06,5.36,302
2021-03-30,0.77,8.57,26.64,32.26,26.40,5.36,291
2021-03-23,0.70,8.64,26.64,32.26,26.40,5.36,291
2021-03-16,0.78,8.60,32.03,29.05,25.79,3.75,282
2021-03-09,0.75,8.36,32.30,29.05,25.79,3.75,282
2021-03-02,0.75,8.36,33.91,27.44,25.79,3.75,280
2021-02-23,0.70,14.41,27.90,27.44,25.79,3.75,274
2021-02-16,0.70,14.41,27.30,26.59,27.24,3.75,276
2021-02-09,0.64,14.26,27.23,26.46,27.66,3.75,277
2021-02-02,0.00,14.01,27.54,26.79,27.90,3.75,280
2021-01-26,0.00,4.80,19.46,36.28,35.60,3.86,314
2021-01-19,0.00,4.80,17.08,38.66,38.27,1.19,314
2021-01-12,0.00,4.80,16.10,39.60,38.31,1.19,315
2021-01-05,0.00,4.80,20.85,40.51,32.65,1.19,305
2020-12-29,0.00,4.83,20.82,40.59,32.56,1.19,304
2020-12-22,0.00,4.83,20.82,40.59,32.56,1.19,304
2020-12-15,0.00,4.83,20.82,40.59,32.56,1.19,304
2020-12-08,0.00,4.83,28.38,45.50,21.30,0.00,283
2020-12-01,3.46,21.51,26.84,28.83,19.36,0.00,239
2020-11-24,3.50,21.47,26.84,28.83,19.36,0.00,239
2020-11-17,15.61,13.47,29.66,25.42,15.83,0.00,212
2020-11-10,15.48,13.61,29.66,25.42,15.83,0.00,213
2020-11-03,15.48,16.98,31.93,22.87,12.74,0.00,200
2020-10-27,15.40,17.06,31.93,22.87,12.74,0.00,200
2020-10-20,15.40,17.06,31.93,22.87,12.74,0.00,200
2020-10-13,15.40,17.06,31.93,22.87,12.74,0.00,200
2020-10-06,15.40,17.06,31.93,22.87,12.74,0.00,200
2020-09-29,15.35,17.00,32.03,22.88,12.74,0.00,201
2020-09-22,15.62,17.29,31.82,31.88,3.39,0.00,190
2020-09-15,15.62,17.29,31.83,32.09,3.17,0.00,190
2020-09-08,20.45,25.37,21.21,29.93,3.04,0.00,170
2020-09-01,20.39,25.23,22.60,28.74,3.04,0.00,169
2020-08-25,20.55,25.07,22.49,28.84,3.04,0.00,169
2020-08-18,20.55,25.24,32.50,18.67,3.04,0.00,158
2020-08-11,33.74,15.87,28.67,18.67,3.04,0.00,141
2020-08-04,33.74,15.88,28.88,18.45,3.04,0.00,141
2020-07-28,40.34,9.28,28.88,18.45,3.04,0.00,135
2020-07-21,40.34,11.44,26.71,18.45,3.04,0.00,132
2020-07-14,40.38,11.43,26.69,19.05,2.45,0.00,132
2020-07-07,41.79,11.47,25.90,18.39,2.45,0.00,128
2020-06-30,41.79,11.47,25.90,18.39,2.45,0.00,128
2020-06-23,41.79,11.47,25.90,18.39,2.45,0.00,128
2020-06-16,41.79,11.47,25.90,18.39,2.45,0.00,128
2020-06-09,41.79,11.47,25.90,18.39,2.45,0.00,128
2020-06-02,41.80,11.53,25.83,17.87,2.97,0.00,129
2020-05-26,41.80,11.53,25.83,17.87,2.97,0.00,129
2020-05-19,41.80,11.53,25.83,17.87,2.97,0.00,129
2020-05-12,41.80,11.53,25.83,17.85,2.99,0.00,129
2020-05-05,41.80,15.33,23.31,15.62,3.94,0.00,125
2020-04-28,41.80,16.61,21.99,14.93,4.66,0.00,124
2020-04-21,41.80,22.50,16.11,14.93,4.66,0.00,118
2020-04-14,41.80,22.50,22.87,12.83,0.00,0.00,107
2020-04-07,32.29,24.40,42.02,1.30,0.00,0.00,112
2020-03-31,24.86,31.82,42.02,1.30,0.00,0.00,120
2020-03-24,24.86,34.72,39.12,1.30,0.00,0.00,117
2020-03-17,24.64,27.77,46.32,1.26,0.00,0.00,124
2020-03-10,21.50,30.41,48.09,0.00,0.00,0.00,127
2020-03-03,30.26,35.58,34.16,0.00,0.00,0.00,104
2020-02-25,30.26,46.40,23.34,0.00,0.00,0.00,93
2020-02-18,40.02,50.44,9.54,0.00,0.00,0.00,70
2020-02-11,53.85,36.61,9.54,0.00,0.00,0.00,56
2020-02-04,65.72,34.28,0.00,0.00,0.00,0.00,34
2020-01-28,65.72,34.28,0.00,0.00,0.00,0.00,34
2020-01-21,96.39,3.61,0.00,0.00,0.00,0.00,4
2020-01-14,96.39,3.61,0.00,0.00,0.00,0.00,4
2020-01-07,96.43,3.57,0.00,0.00,0.00,0.00,4
2019-12-31,96.43,3.57,0.00,0.00,0.00,0.00,4
2019-12-24,96.43,3.57,0.00,0.00,0.00,0.00,4
2019-12-17,96.43,3.57,0.00,0.00,0.00,0.00,4
2019-12-10,96.43,3.57,0.00,0.00,0.00,0.00,4
2019-12-03,14.74,85.25,0.01,0.00,0.00,0.00,85
2019-11-26,9.22,87.47,3.30,0.01,0.00,0.00,94
2019-11-19,18.55,77.86,3.58,0.01,0.00,0.00,85
2019-11-12,18.61,77.81,3.57,0.01,0.00,0.00,85
2019-11-05,82.26,15.68,2.06,0.00,0.00,0.00,20
2019-10-29,82.26,15.67,2.06,0.00,0.00,0.00,20
2019-10-22,82.26,15.67,2.06,0.00,0.00,0.00,20
2019-10-15,85.40,12.54,2.06,0.00,0.00,0.00,17
2019-10-08,95.29,2.64,2.06,0.00,0.00,0.00,7
2019-10-01,95.29,2.64,2.06,0.00,0.00,0.00,7
2019-09-24,89.73,8.21,2.06,0.00,0.00,0.00,12
2019-09-17,89.61,8.33,2.06,0.00,0.00,0.00,12
2019-09-10,90.94,7.96,1.09,0.01,0.00,0.00,10
2019-09-03,90.94,7.97,1.09,0.00,0.00,0.00,10
2019-08-27,90.94,7.96,1.09,0.00,0.00,0.00,10
2019-08-20,93.27,6.73,0.00,0.00,0.00,0.00,7
2019-08-13,94.07,5.93,0.00,0.00,0.00,0.00,6
2019-08-06,95.55,4.45,0.00,0.00,0.00,0.00,4
2019-07-30,95.68,4.32,0.00,0.00,0.00,0.00,4
2019-07-23,95.68,4.32,0.00,0.00,0.00,0.00,4
2019-07-16,95.68,4.32,0.00,0.00,0.00,0.00,4
2019-07-09,95.68,4.32,0.00,0.00,0.00,0.00,4
2019-07-02,95.68,4.32,0.00,0.00,0.00,0.00,4
2019-06-25,95.68,4.32,0.00,0.00,0.00,0.00,4
2019-06-18,95.68,4.32,0.00,0.00,0.00,0.00,4
2019-06-11,95.68,4.32,0.00,0.00,0.00,0.00,4
2019-06-04,95.68,4.32,0.00,0.00,0.00,0.00,4
2019-05-28,94.03,5.97,0.00,0.00,0.00,0.00,6
2019-05-21,94.03,5.97,0.00,0.00,0.00,0.00,6
2019-05-14,94.03,5.97,0.00,0.00,0.00,0.00,6
2019-05-07,94.03,5.97,0.00,0.00,0.00,0.00,6
2019-04-30,94.03,5.97,0.00,0.00,0.00,0.00,6
2019-04-23,94.03,5.97,0.00,0.00,0.00,0.00,6
2019-04-16,94.03,5.97,0.00,0.00,0.00,0.00,6
2019-04-09,94.03,5.97,0.00,0.00,0.00,0.00,6
2019-04-02,93.42,6.58,0.00,0.00,0.00,0.00,7
2019-03-26,93.42,6.58,0.00,0.00,0.00,0.00,7
2019-03-19,93.42,6.58,0.00,0.00,0.00,0.00,7
2019-03-12,93.42,6.58,0.00,0.00,0.00,0.00,7
2019-03-05,89.84,9.56,0.60,0.00,0.00,0.00,11
2019-02-26,87.17,10.50,2.33,0.00,0.00,0.00,15
2019-02-19,67.07,29.16,2.40,1.36,0.00,0.00,38
2019-02-12,36.77,52.68,8.92,1.63,0.00,0.00,75
2019-02-05,34.37,55.08,8.67,1.89,0.00,0.00,78
2019-01-29,23.93,52.41,21.77,1.89,0.00,0.00,102
2019-01-22,7.77,20.00,68.79,2.73,0.71,0.00,169
2019-01-15,7.77,17.06,69.62,4.83,0.71,0.00,174
2019-01-08,7.77,17.06,61.05,12.57,1.55,0.00,183
2019-01-01,7.77,17.06,61.05,12.01,2.10,0.00,184
2018-12-25,7.77,17.06,58.92,14.14,2.10,0.00,186
2018-12-18,7.77,17.06,58.29,14.77,2.10,0.00,186
2018-12-11,7.77,17.06,58.29,14.77,2.10,0.00,186
2018-12-04,7.77,12.54,61.36,14.55,3.78,0.00,194
2018-11-27,0.00,16.34,65.32,14.55,3.78,0.00,206
2018-11-20,0.00,22.38,59.26,14.58,3.78,0.00,200
2018-11-13,0.00,46.80,34.84,15.97,2.39,0.00,174
2018-11-06,0.00,48.08,33.56,15.97,2.39,0.00,173
2018-10-30,15.16,36.90,28.64,16.57,2.73,0.00,155
2018-10-23,15.16,36.90,28.64,16.57,2.73,0.00,155
2018-10-16,15.16,36.90,25.17,19.90,2.87,0.00,158
2018-10-09,15.16,36.90,25.17,17.90,4.87,0.00,160
2018-10-02,12.18,39.85,25.15,17.89,4.93,0.00,164
2018-09-25,12.18,39.85,25.15,17.88,4.94,0.00,164
2018-09-18,12.18,39.85,25.15,17.88,4.94,0.00,164
2018-09-11,12.18,39.85,25.15,17.88,4.94,0.00,164
2018-09-04,13.79,38.64,24.69,20.12,2.77,0.00,159
2018-08-28,13.79,38.64,26.53,18.28,2.77,0.00,158
2018-08-21,13.79,39.02,26.44,17.99,2.77,0.00,157
2018-08-14,13.84,38.97,26.44,17.99,2.77,0.00,157
2018-08-07,13.83,41.12,24.29,17.99,2.77,0.00,155
2018-07-31,13.84,41.37,24.04,17.99,2.77,0.00,155
2018-07-24,13.82,41.45,23.97,17.99,2.77,0.00,154
2018-07-17,14.85,41.01,23.39,17.99,2.77,0.00,153
2018-07-10,14.85,41.03,23.37,17.99,2.77,0.00,153
2018-07-03,14.85,40.99,23.41,17.99,2.77,0.00,153
2018-06-26,14.92,40.91,23.41,17.99,2.77,0.00,153
2018-06-19,30.37,32.56,16.32,17.99,2.77,0.00,130
2018-06-12,30.39,32.53,16.32,17.99,2.77,0.00,130
2018-06-05,30.39,32.53,16.33,17.98,2.78,0.00,130
2018-05-29,30.49,32.43,16.33,17.98,2.78,0.00,130
2018-05-22,30.49,32.43,16.33,17.98,2.78,0.00,130
2018-05-15,30.49,32.36,16.32,18.03,2.80,0.00,130
2018-05-08,34.19,28.71,23.11,11.19,2.80,0.00,120
2018-05-01,34.10,28.80,23.11,11.19,2.80,0.00,120
2018-04-24,34.10,28.80,23.33,11.21,2.55,0.00,119
2018-04-17,34.10,28.80,23.33,11.26,2.50,0.00,119
2018-04-10,33.85,29.05,23.33,11.26,2.50,0.00,119
2018-04-03,22.99,36.11,28.18,10.21,2.50,0.00,133
2018-03-27,22.99,36.24,28.21,10.06,2.50,0.00,133
2018-03-20,11.08,41.24,25.36,21.88,0.43,0.00,159
2018-03-13,11.08,41.24,25.36,21.88,0.43,0.00,159
2018-03-06,8.48,43.65,25.47,21.97,0.43,0.00,162
2018-02-27,8.48,43.65,27.89,19.98,0.00,0.00,159
2018-02-20,8.43,43.69,27.89,19.98,0.00,0.00,159
2018-02-13,18.29,36.00,25.73,19.98,0.00,0.00,147
2018-02-06,18.27,36.13,39.21,6.39,0.00,0.00,134
2018-01-30,26.67,29.61,38.80,4.92,0.00,0.00,122
2018-01-23,45.48,41.84,12.69,0.00,0.00,0.00,67
2018-01-16,53.21,34.10,12.69,0.00,0.00,0.00,59
2018-01-09,53.58,33.73,12.69,0.00,0.00,0.00,59
2018-01-02,55.70,31.61,12.69,0.00,0.00,0.00,57
2017-12-26,55.70,31.61,12.69,0.00,0.00,0.00,57
2017-12-19,55.70,31.61,12.69,0.00,0.00,0.00,57
2017-12-12,55.70,34.40,9.90,0.00,0.00,0.00,54
2017-12-05,65.38,24.72,9.90,0.00,0.00,0.00,45
2017-11-28,69.09,22.67,8.24,0.00,0.00,0.00,39
2017-11-21,73.98,17.78,8.24,0.00,0.00,0.00,34
2017-11-14,73.98,17.78,8.24,0.00,0.00,0.00,34
2017-11-07,77.90,13.86,8.24,0.00,0.00,0.00,30
2017-10-31,77.90,13.86,8.24,0.00,0.00,0.00,30
2017-10-24,77.90,13.86,8.24,0.00,0.00,0.00,30
2017-10-17,77.88,13.88,8.24,0.00,0.00,0.00,30
2017-10-10,77.88,13.88,8.24,0.00,0.00,0.00,30
2017-10-03,77.88,13.88,8.24,0.00,0.00,0.00,30
2017-09-26,77.88,13.88,8.24,0.00,0.00,0.00,30
2017-09-19,77.88,13.88,8.21,0.04,0.00,0.00,30
2017-09-12,77.88,13.88,8.21,0.04,0.00,0.00,30
2017-09-05,77.88,13.88,8.21,0.04,0.00,0.00,30
2017-08-29,77.88,13.88,8.21,0.04,0.00,0.00,30
2017-08-22,77.88,13.88,8.21,0.04,0.00,0.00,30
2017-08-15,77.86,13.90,8.21,0.04,0.00,0.00,30
2017-08-08,77.86,13.90,7.18,1.06,0.00,0.00,31
2017-08-01,77.86,13.90,7.18,1.06,0.00,0.00,31
2017-07-25,75.73,16.03,7.18,1.06,0.00,0.00,34
2017-07-18,75.69,16.06,7.18,1.06,0.00,0.00,34
2017-07-11,76.46,15.30,7.18,1.06,0.00,0.00,33
2017-07-04,76.46,15.30,7.18,1.06,0.00,0.00,33
2017-06-27,76.47,15.29,7.18,1.06,0.00,0.00,33
2017-06-20,76.47,15.29,7.18,1.06,0.00,0.00,33
2017-06-13,76.47,15.29,7.18,1.06,0.00,0.00,33
2017-06-06,76.47,15.29,7.18,1.06,0.00,0.00,33
2017-05-30,76.47,15.29,7.18,1.06,0.00,0.00,33
2017-05-23,76.47,15.29,7.18,1.06,0.00,0.00,33
2017-05-16,76.47,15.29,7.18,1.06,0.00,0.00,33
2017-05-09,76.47,15.29,7.18,1.06,0.00,0.00,33
2017-05-02,76.47,15.29,7.18,1.06,0.00,0.00,33
2017-04-25,76.54,15.22,7.18,1.06,0.00,0.00,33
2017-04-18,76.54,15.22,7.18,1.06,0.00,0.00,33
2017-04-11,76.54,15.22,7.18,1.06,0.00,0.00,33
2017-04-04,76.54,15.22,7.18,1.06,0.00,0.00,33
2017-03-28,76.54,15.22,7.18,1.06,0.00,0.00,33
2017-03-21,76.54,15.22,7.18,1.06,0.00,0.00,33
2017-03-14,76.54,15.22,7.18,1.06,0.00,0.00,33
2017-03-07,76.54,15.22,7.14,1.10,0.00,0.00,33
2017-02-28,74.49,16.78,4.65,4.08,0.00,0.00,38
2017-02-21,61.66,21.47,12.69,4.19,0.00,0.00,59
2017-02-14,43.94,31.86,16.78,6.68,0.73,0.00,88
2017-02-07,41.46,11.56,36.05,10.20,0.73,0.00,117
2017-01-31,38.98,10.22,30.51,18.42,1.87,0.00,134
2017-01-24,38.73,9.87,24.94,24.30,2.16,0.00,141
2017-01-17,35.56,6.93,13.16,20.05,22.17,2.13,193
2017-01-10,34.62,7.16,9.00,21.42,25.67,2.13,203
2017-01-03,18.07,14.32,13.59,15.85,19.87,18.31,260
2016-12-27,17.47,13.66,11.07,17.19,22.29,18.31,268
2016-12-20,15.09,14.80,11.02,17.54,21.80,19.75,275
2016-12-13,12.16,14.80,12.77,17.47,21.76,21.04,285
2016-12-06,12.03,14.93,12.77,17.47,21.76,21.04,285
2016-11-29,12.03,14.93,12.77,17.47,21.76,21.04,285
2016-11-22,12.03,14.93,12.77,17.47,21.76,21.04,285
2016-11-15,12.03,14.93,12.77,17.47,21.76,21.04,285
2016-11-08,12.03,14.93,12.77,17.47,21.76,21.04,285
2016-11-01,12.03,12.71,13.88,18.58,21.76,21.04,288
2016-10-25,8.96,9.92,19.32,19.00,21.76,21.04,298
2016-10-18,7.77,11.11,19.32,19.00,21.76,21.04,299
2016-10-11,0.00,16.41,21.31,19.47,21.76,21.04,310
2016-10-04,0.00,16.41,21.31,19.47,21.76,21.04,310
2016-09-27,0.00,16.41,21.31,19.47,21.76,21.04,310
2016-09-20,0.00,16.41,21.31,19.47,21.76,21.04,310
2016-09-13,0.00,16.41,21.31,19.47,21.76,21.04,310
2016-09-06,0.00,16.41,24.57,16.21,21.76,21.04,306
2016-08-30,0.00,16.41,24.57,16.21,21.76,21.04,306
2016-08-23,0.00,16.41,24.57,16.21,21.76,21.04,306
2016-08-16,0.00,16.41,24.57,16.21,21.76,21.04,306
2016-08-09,0.00,16.41,24.57,16.21,21.76,21.04,306
2016-08-02,0.00,16.41,24.57,16.21,21.76,21.04,306
2016-07-26,0.00,16.41,24.57,16.21,21.76,21.04,306
2016-07-19,0.00,16.41,24.57,16.21,21.76,21.04,306
2016-07-12,0.00,16.41,24.57,16.21,21.76,21.04,306
2016-07-05,0.00,16.41,24.57,16.21,21.76,21.04,306
2016-06-28,0.00,16.41,24.57,16.21,21.76,21.04,306
2016-06-21,0.00,16.41,24.57,16.21,21.76,21.04,306
2016-06-14,0.00,16.41,24.57,16.21,21.76,21.04,306
2016-06-07,4.27,11.82,24.89,16.02,21.95,21.04,303
2016-05-31,6.08,10.01,24.89,16.02,21.95,21.04,301
2016-05-24,5.50,8.12,25.38,18.01,21.95,21.04,306
2016-05-17,5.50,8.12,22.82,20.57,21.95,21.04,308
2016-05-10,4.27,6.05,16.96,24.81,26.88,21.04,327
2016-05-03,4.27,6.05,15.31,25.21,28.11,21.04,330
2016-04-26,4.24,5.67,15.72,25.21,28.11,21.04,330
2016-04-19,4.24,5.67,15.72,25.21,28.11,21.04,330
2016-04-12,3.55,5.87,16.21,19.11,23.57,31.68,348
2016-04-05,3.55,5.87,16.21,19.11,23.57,31.68,348
2016-03-29,3.55,5.87,17.76,17.57,20.51,34.74,350
2016-03-22,1.16,7.29,18.70,17.54,20.57,34.74,353
2016-03-15,0.43,6.29,19.64,18.33,20.57,34.74,357
2016-03-08,0.43,2.07,14.33,22.31,22.38,38.48,380
2016-03-01,0.43,4.44,12.47,21.80,22.38,38.48,377
2016-02-23,0.43,5.19,12.56,20.96,22.38,38.48,375
2016-02-16,0.29,5.01,12.87,20.42,22.93,38.48,376
2016-02-09,0.22,5.01,12.95,20.42,22.93,38.48,376
2016-02-02,0.00,4.74,9.13,22.23,24.49,39.41,385
2016-01-26,0.00,4.65,9.22,22.17,23.75,40.21,386
2016-01-19,0.00,2.83,11.04,17.98,25.49,42.66,394
2016-01-12,0.00,2.67,9.78,18.49,26.40,42.66,397
2016-01-05,0.00,2.67,9.78,18.49,24.22,44.84,399
2015-12-29,0.00,2.67,9.78,18.49,24.22,44.84,399
2015-12-22,0.00,2.67,6.70,21.54,24.24,44.84,402
2015-12-15,0.14,2.53,6.70,21.55,24.24,44.84,402
2015-12-08,0.14,2.53,5.07,23.17,24.24,44.84,403
2015-12-01,0.14,2.53,5.07,21.71,25.71,44.84,405
2015-11-24,0.14,2.53,5.07,21.71,25.71,44.84,405
2015-11-17,0.14,2.53,5.07,21.71,25.71,44.84,405
2015-11-10,0.14,2.53,5.06,21.72,25.71,44.84,405
2015-11-03,0.14,2.53,5.06,21.72,25.71,44.84,405
2015-10-27,0.14,2.53,5.06,21.20,25.08,46.00,407
2015-10-20,0.14,2.53,5.06,21.20,25.08,46.00,407
2015-10-13,0.14,2.53,4.97,21.29,25.08,46.00,407
2015-10-06,0.14,2.53,4.97,21.29,25.08,46.00,407
2015-09-29,0.14,2.53,4.97,21.29,25.08,46.00,407
2015-09-22,0.14,2.53,4.97,21.29,25.08,46.00,407
2015-09-15,0.14,2.53,4.97,21.29,25.08,46.00,407
2015-09-08,0.14,2.51,4.99,21.29,25.08,46.00,407
2015-09-01,0.14,2.51,4.99,21.29,25.08,46.00,407
2015-08-25,0.14,2.51,4.99,21.29,25.08,46.00,407
2015-08-18,0.14,2.51,4.99,21.29,25.08,46.00,407
2015-08-11,0.14,2.51,4.99,21.29,25.08,46.00,407
2015-08-04,0.14,2.51,2.76,23.51,25.08,46.00,409
2015-07-28,0.14,2.51,2.76,23.51,25.08,46.00,409
2015-07-21,0.14,2.51,2.76,23.51,25.08,46.00,409
2015-07-14,0.14,1.15,4.12,23.51,25.08,46.00,410
2015-07-07,0.14,1.15,4.12,23.51,24.35,46.73,411
2015-06-30,0.14,1.15,4.12,23.52,24.35,46.73,411
2015-06-23,0.14,1.15,4.12,23.52,24.35,46.73,411
2015-06-16,0.14,1.15,4.12,23.52,24.35,46.73,411
2015-06-09,0.14,1.15,4.81,22.83,24.35,46.73,410
2015-06-02,0.14,1.15,4.81,24.30,22.88,46.73,409
2015-05-26,0.14,1.15,4.81,27.30,19.87,46.73,406
2015-05-19,0.14,1.58,4.37,27.30,19.83,46.77,405
2015-05-12,0.14,1.58,4.37,27.30,19.83,46.77,405
2015-05-05,0.14,1.58,4.37,27.30,19.83,46.77,405
2015-04-28,0.14,1.75,4.67,26.84,19.83,46.77,405
2015-04-21,0.14,1.75,4.67,26.84,19.83,46.77,405
2015-04-14,0.14,1.75,4.67,26.84,22.28,44.32,402
2015-04-07,0.15,1.74,4.67,26.84,22.28,44.32,402
2015-03-31,0.15,1.74,4.67,26.84,25.20,41.41,399
2015-03-24,0.15,1.74,4.67,26.84,25.20,41.41,399
2015-03-17,0.16,1.73,4.67,25.98,27.54,39.92,399
2015-03-10,0.16,1.73,4.67,25.98,27.54,39.92,399
2015-03-03,0.16,1.75,4.66,25.98,27.54,39.92,399
2015-02-24,0.16,1.75,4.66,25.98,27.54,39.92,399
2015-02-17,0.16,1.75,4.66,25.98,26.26,41.20,400
2015-02-10,0.16,1.75,4.66,25.98,27.47,39.99,399
2015-02-03,0.16,1.72,4.56,16.11,37.46,39.99,409
2015-01-27,0.00,1.87,3.79,16.82,37.52,39.99,410
2015-01-20,0.00,1.87,3.79,16.82,38.37,39.15,409
2015-01-13,0.00,1.88,3.78,16.82,38.37,39.15,409
2015-01-06,0.00,1.88,3.78,16.39,45.73,32.21,403
2014-12-30,0.00,1.88,3.78,16.39,45.73,32.21,403
2014-12-23,0.00,1.59,3.98,16.48,45.73,32.21,403
2014-12-16,0.00,1.59,3.98,16.48,45.73,32.21,403
2014-12-09,0.00,0.28,5.29,14.73,24.61,55.08,429
2014-12-02,0.00,0.28,5.29,14.73,24.61,55.08,429
2014-11-25,0.00,0.28,5.29,14.73,24.61,55.08,429
2014-11-18,0.00,0.28,5.29,14.73,24.61,55.08,429
2014-11-11,0.00,0.28,5.29,14.73,24.61,55.08,429
2014-11-04,0.00,0.29,5.28,14.73,24.61,55.08,429
2014-10-28,0.00,0.00,4.96,13.13,23.51,58.41,435
2014-10-21,0.00,0.00,4.96,13.13,23.51,58.41,435
2014-10-14,0.00,0.00,4.96,13.13,23.51,58.41,435
2014-10-07,0.00,0.00,4.96,13.13,23.51,58.41,435
2014-09-30,0.00,0.00,4.96,13.13,23.51,58.41,435
2014-09-23,0.00,0.00,4.66,13.42,23.51,58.41,436
2014-09-16,0.00,0.00,4.58,13.50,23.51,58.41,436
2014-09-09,0.00,0.00,4.58,13.50,23.51,58.41,436
2014-09-02,0.00,0.00,4.58,13.50,23.51,58.41,436
2014-08-26,0.00,0.00,4.58,13.50,23.51,58.41,436
2014-08-19,0.00,0.00,2.41,15.67,23.51,58.41,438
2014-08-12,0.00,0.00,0.20,17.88,23.51,58.41,440
2014-08-05,0.00,0.00,0.20,17.88,23.51,58.41,440
2014-07-29,0.00,0.00,0.00,18.11,23.48,58.41,440
2014-07-22,0.00,0.00,0.00,18.11,45.40,36.49,418
2014-07-15,0.00,0.00,0.00,18.15,45.35,36.49,418
2014-07-08,0.00,0.00,0.00,21.03,42.51,36.46,415
2014-07-01,0.00,0.00,0.00,21.03,42.51,36.46,415
2014-06-24,0.00,0.00,0.00,23.31,43.70,32.98,410
2014-06-17,0.00,0.00,0.00,23.31,43.70,32.98,410
2014-06-10,0.00,0.00,0.00,23.31,51.92,24.77,401
2014-06-03,0.00,0.00,0.00,23.31,51.92,24.77,401
2014-05-27,0.00,0.00,0.00,23.31,51.92,24.77,401
2014-05-20,0.00,0.00,0.00,23.31,51.92,24.77,401
2014-05-13,0.00,0.00,0.00,23.31,51.92,24.77,401
2014-05-06,0.00,0.00,4.07,19.25,51.92,24.77,397
2014-04-29,0.00,0.00,3.99,19.32,51.92,24.77,397
2014-04-22,0.00,0.00,3.99,19.32,51.92,24.77,397
2014-04-15,0.00,0.20,4.59,26.45,45.28,23.49,387
2014-04-08,0.00,0.19,4.60,26.45,45.28,23.49,387
2014-04-01,0.00,0.19,4.60,26.45,45.28,23.49,387
2014-03-25,0.00,0.20,4.59,23.43,48.36,23.42,390
2014-03-18,0.01,0.20,6.72,21.30,49.41,22.37,387
2014-03-11,0.01,5.44,3.75,24.91,43.53,22.37,374
2014-03-04,0.00,5.44,3.73,24.93,43.53,22.37,374
2014-02-25,0.00,5.44,3.73,16.99,47.62,26.21,385
2014-02-18,0.00,5.45,3.72,22.52,53.68,14.62,368
2014-02-11,1.43,4.03,2.95,30.65,51.13,9.81,355
2014-02-04,1.43,4.39,4.27,22.78,57.32,9.81,360
2014-01-28,1.43,4.39,4.27,22.78,58.36,8.77,359
2014-01-21,1.43,4.39,4.27,27.21,62.71,0.00,345
2014-01-14,1.43,4.39,4.27,27.21,62.71,0.00,345
2014-01-07,1.43,4.32,6.71,59.94,27.59,0.00,308
2013-12-31,2.61,3.14,6.71,59.94,27.59,0.00,307
2013-12-24,2.61,3.14,9.37,57.29,27.59,0.00,304
2013-12-17,2.61,3.14,11.71,54.94,27.59,0.00,302
2013-12-10,2.61,3.24,11.62,54.94,27.59,0.00,302
2013-12-03,2.61,3.24,11.62,54.94,27.59,0.00,302
2013-11-26,2.61,3.24,11.62,54.94,27.59,0.00,302
2013-11-19,2.61,1.39,11.87,56.53,27.59,0.00,305
2013-11-12,2.61,1.39,11.87,72.77,11.36,0.00,289
2013-11-05,2.62,1.39,11.86,72.77,11.36,0.00,289
2013-10-29,2.66,1.36,11.86,72.77,11.36,0.00,289
2013-10-22,2.66,1.36,11.86,72.77,11.36,0.00,289
2013-10-15,2.65,1.40,11.82,72.77,11.36,0.00,289
2013-10-08,2.52,1.53,11.83,72.77,11.36,0.00,289
2013-10-01,2.63,1.42,11.83,72.77,11.36,0.00,289
2013-09-24,2.63,1.34,6.20,78.48,11.36,0.00,295
2013-09-17,2.63,1.34,6.20,78.48,11.36,0.00,295
2013-09-10,0.00,2.92,4.15,81.58,11.36,0.00,301
2013-09-03,0.00,2.92,4.15,81.58,11.36,0.00,301
2013-08-27,0.00,1.77,4.37,82.50,11.36,0.00,303
2013-08-20,0.00,1.77,4.37,82.50,11.36,0.00,303
2013-08-13,0.00,1.77,4.37,82.50,11.36,0.00,303
2013-08-06,0.00,1.77,4.37,93.86,0.00,0.00,292
2013-07-30,0.00,1.77,4.37,93.86,0.00,0.00,292
2013-07-23,0.00,1.77,4.27,93.96,0.00,0.00,292
2013-07-16,0.00,1.77,4.27,93.96,0.00,0.00,292
2013-07-09,0.00,1.77,5.53,92.70,0.00,0.00,291
2013-07-02,0.00,1.77,5.53,92.70,0.00,0.00,291
2013-06-25,0.00,1.79,5.60,92.61,0.00,0.00,291
2013-06-18,0.00,1.79,31.14,67.07,0.00,0.00,265
2013-06-11,0.00,1.84,44.62,53.54,0.00,0.00,252
2013-06-04,0.00,1.84,44.52,53.64,0.00,0.00,252
2013-05-28,0.00,1.84,51.91,46.25,0.00,0.00,244
2013-05-21,0.00,1.84,51.91,46.25,0.00,0.00,244
2013-05-14,0.00,1.84,51.91,46.25,0.00,0.00,244
2013-05-07,0.00,1.84,51.91,46.25,0.00,0.00,244
2013-04-30,0.00,35.70,31.47,32.82,0.00,0.00,197
2013-04-23,2.84,33.74,33.42,30.00,0.00,0.00,191
2013-04-16,2.84,48.77,25.17,23.22,0.00,0.00,169
2013-04-09,2.84,48.77,25.17,23.22,0.00,0.00,169
2013-04-02,0.00,51.62,24.16,24.22,0.00,0.00,173
2013-03-26,0.00,51.62,24.16,24.22,0.00,0.00,173
2013-03-19,12.85,38.77,24.19,24.19,0.00,0.00,160
2013-03-12,15.63,38.14,22.05,24.19,0.00,0.00,155
2013-03-05,0.03,52.60,20.41,26.96,0.00,0.00,174
2013-02-26,0.02,52.85,20.17,26.96,0.00,0.00,174
2013-02-19,15.45,37.37,23.46,23.72,0.00,0.00,155
2013-02-12,34.53,18.29,23.46,23.72,0.00,0.00,136
2013-02-05,34.20,18.62,25.62,21.57,0.00,0.00,135
2013-01-29,34.20,18.62,25.62,21.57,0.00,0.00,135
2013-01-22,34.20,12.23,32.01,21.57,0.00,0.00,141
2013-01-15,34.20,12.23,32.01,21.57,0.00,0.00,141
2013-01-08,32.42,12.56,33.65,21.37,0.00,0.00,144
2013-01-01,31.75,12.93,32.82,22.50,0.00,0.00,146
2012-12-25,30.94,12.87,30.96,25.17,0.05,0.00,151
2012-12-18,30.94,12.87,30.04,26.10,0.05,0.00,151
2012-12-11,30.94,11.11,31.35,26.54,0.05,0.00,154
2012-12-04,23.15,17.49,32.76,26.54,0.05,0.00,163
2012-11-27,6.77,22.76,42.31,27.02,1.14,0.00,193
2012-11-20,4.82,27.51,46.06,20.47,1.14,0.00,186
2012-11-13,7.19,26.44,47.27,17.95,1.14,0.00,179
2012-11-06,7.19,25.06,48.65,17.95,1.14,0.00,181
2012-10-30,6.73,24.79,49.38,17.95,1.14,0.00,182
2012-10-23,6.75,24.76,49.38,17.95,1.14,0.00,182
2012-10-16,6.64,24.89,49.38,17.95,1.14,0.00,182
2012-10-09,6.64,23.78,47.60,20.83,1.14,0.00,186
2012-10-02,11.94,18.65,47.44,20.83,1.14,0.00,181
2012-09-25,11.95,18.64,47.14,21.12,1.14,0.00,181
2012-09-18,11.95,18.97,46.82,21.12,1.14,0.00,181
2012-09-11,11.74,19.13,46.82,21.17,1.14,0.00,181
2012-09-04,11.74,18.97,46.53,21.61,1.14,0.00,181
2012-08-28,11.74,18.82,46.39,21.90,1.14,0.00,182
2012-08-21,11.30,19.49,45.91,23.01,0.29,0.00,181
2012-08-14,11.30,24.86,40.53,23.02,0.29,0.00,176
2012-08-07,11.64,24.55,40.49,23.02,0.29,0.00,176
2012-07-31,11.64,24.55,40.20,23.32,0.29,0.00,176
2012-07-24,11.64,24.55,36.96,26.56,0.29,0.00,179
2012-07-17,15.88,24.38,36.81,22.92,0.00,0.00,167
2012-07-10,15.88,24.38,36.81,22.92,0.00,0.00,167
2012-07-03,15.88,24.35,36.85,22.92,0.00,0.00,167
2012-06-26,15.89,24.60,36.74,22.76,0.00,0.00,166
2012-06-19,15.89,24.60,36.91,22.60,0.00,0.00,166
2012-06-12,15.89,25.22,36.30,22.60,0.00,0.00,166
2012-06-05,15.89,25.22,36.30,22.60,0.00,0.00,166
2012-05-29,15.89,25.22,36.30,22.60,0.00,0.00,166
2012-05-22,15.89,25.22,36.30,22.60,0.00,0.00,166
2012-05-15,15.89,25.22,36.30,22.60,0.00,0.00,166
2012-05-08,15.89,25.22,37.75,21.14,0.00,0.00,164
2012-05-01,15.84,25.19,37.83,21.14,0.00,0.00,164
2012-04-24,15.84,23.93,37.36,22.87,0.00,0.00,167
2012-04-17,15.84,23.93,33.88,26.35,0.00,0.00,171
2012-04-10,4.89,13.64,32.48,49.00,0.00,0.00,226
2012-04-03,3.54,14.45,35.75,46.25,0.00,0.00,225
2012-03-27,2.22,8.16,43.36,46.25,0.00,0.00,234
2012-03-20,2.22,8.17,49.47,40.14,0.00,0.00,228
2012-03-13,0.11,9.75,44.42,45.73,0.00,0.00,236
2012-03-06,4.39,20.38,59.22,16.02,0.00,0.00,187
2012-02-28,4.39,23.53,56.07,16.02,0.00,0.00,184
2012-02-21,4.77,27.47,62.70,5.06,0.00,0.00,168
2012-02-14,10.37,30.57,59.06,0.00,0.00,0.00,149
2012-02-07,10.37,30.57,59.06,0.00,0.00,0.00,149
2012-01-31,11.09,31.58,57.33,0.00,0.00,0.00,146
2012-01-24,19.12,39.65,41.23,0.00,0.00,0.00,122
2012-01-17,18.74,34.92,43.23,3.10,0.00,0.00,131
2012-01-10,19.10,34.56,43.23,3.10,0.00,0.00,130
2012-01-03,29.91,23.75,46.34,0.00,0.00,0.00,116
2011-12-27,33.91,60.67,5.41,0.00,0.00,0.00,71
2011-12-20,71.58,28.42,0.00,0.00,0.00,0.00,28
2011-12-13,74.32,25.68,0.00,0.00,0.00,0.00,26
2011-12-06,82.53,17.47,0.00,0.00,0.00,0.00,17
2011-11-29,88.32,11.68,0.00,0.00,0.00,0.00,12
2011-11-22,88.42,11.58,0.00,0.00,0.00,0.00,12
2011-11-15,88.42,11.58,0.00,0.00,0.00,0.00,12
2011-11-08,88.51,11.49,0.00,0.00,0.00,0.00,11
2011-11-01,89.22,10.78,0.00,0.00,0.00,0.00,11
2011-10-25,89.25,10.75,0.00,0.00,0.00,0.00,11
2011-10-18,89.25,10.75,0.00,0.00,0.00,0.00,11
2011-10-11,89.25,10.75,0.00,0.00,0.00,0.00,11
2011-10-04,89.25,10.75,0.00,0.00,0.00,0.00,11
2011-09-27,89.14,10.86,0.00,0.00,0.00,0.00,11
2011-09-20,89.14,10.86,0.00,0.00,0.00,0.00,11
2011-09-13,87.36,12.64,0.00,0.00,0.00,0.00,13
2011-09-06,87.55,12.45,0.00,0.00,0.00,0.00,12
2011-08-30,92.14,7.86,0.00,0.00,0.00,0.00,8
2011-08-23,92.12,7.88,0.00,0.00,0.00,0.00,8
2011-08-16,92.12,7.88,0.00,0.00,0.00,0.00,8
2011-08-09,85.34,14.66,0.00,0.00,0.00,0.00,15
2011-08-02,85.34,14.66,0.00,0.00,0.00,0.00,15
2011-07-26,85.34,14.66,0.00,0.00,0.00,0.00,15
2011-07-19,85.34,14.66,0.00,0.00,0.00,0.00,15
2011-07-12,87.87,12.13,0.00,0.00,0.00,0.00,12
2011-07-05,87.71,12.29,0.00,0.00,0.00,0.00,12
2011-06-28,87.71,12.29,0.00,0.00,0.00,0.00,12
2011-06-21,99.99,0.01,0.00,0.00,0.00,0.00,0
2011-06-14,99.99,0.01,0.00,0.00,0.00,0.00,0
2011-06-07,99.99,0.01,0.00,0.00,0.00,0.00,0
2011-05-31,99.99,0.01,0.00,0.00,0.00,0.00,0
2011-05-24,99.99,0.01,0.00,0.00,0.00,0.00,0
2011-05-17,99.99,0.01,0.00,0.00,0.00,0.00,0
2011-05-10,99.99,0.01,0.00,0.00,0.00,0.00,0
2011-05-03,99.99,0.01,0.00,0.00,0.00,0.00,0
2011-04-26,99.99,0.01,0.00,0.00,0.00,0.00,0
2011-04-19,99.99,0.01,0.00,0.00,0.00,0.00,0
2011-04-12,99.99,0.01,0.00,0.00,0.00,0.00,0
2011-04-05,99.99,0.01,0.00,0.00,0.00,0.00,0
2011-03-29,99.94,0.06,0.00,0.00,0.00,0.00,0
2011-03-22,96.87,3.13,0.00,0.00,0.00,0.00,3
2011-03-15,94.20,5.80,0.00,0.00,0.00,0.00,6
2011-03-08,94.20,5.80,0.00,0.00,0.00,0.00,6
2011-03-01,99.94,0.06,0.00,0.00,0.00,0.00,0
2011-02-22,99.94,0.06,0.00,0.00,0.00,0.00,0
2011-02-15,77.34,22.66,0.00,0.00,0.00,0.00,23
2011-02-08,77.34,22.66,0.00,0.00,0.00,0.00,23
2011-02-01,99.94,0.06,0.00,0.00,0.00,0.00,0
2011-01-25,99.94,0.06,0.00,0.00,0.00,0.00,0
2011-01-18,99.94,0.06,0.00,0.00,0.00,0.00,0
2011-01-11,99.93,0.07,0.00,0.00,0.00,0.00,0
2011-01-04,98.62,1.38,0.00,0.00,0.00,0.00,1
2010-12-28,98.62,1.38,0.00,0.00,0.00,0.00,1
2010-12-21,94.86,5.14,0.00,0.00,0.00,0.00,5
2010-12-14,79.56,19.19,1.25,0.00,0.00,0.00,22
2010-12-07,78.93,18.93,2.14,0.00,0.00,0.00,23
2010-11-30,81.67,15.92,2.41,0.00,0.00,0.00,21
2010-11-23,90.14,7.45,2.41,0.00,0.00,0.00,12
2010-11-16,90.14,5.24,4.43,0.19,0.00,0.00,15
2010-11-09,90.14,5.24,4.43,0.19,0.00,0.00,15
2010-11-02,90.14,5.24,4.43,0.19,0.00,0.00,15
2010-10-26,90.14,5.24,4.43,0.19,0.00,0.00,15
2010-10-19,88.08,5.86,5.83,0.24,0.00,0.00,18
2010-10-12,88.08,5.86,5.83,0.24,0.00,0.00,18
2010-10-05,85.44,6.48,7.84,0.24,0.00,0.00,23
2010-09-28,85.44,6.48,7.84,0.24,0.00,0.00,23
2010-09-21,85.44,6.48,7.84,0.24,0.00,0.00,23
2010-09-14,85.44,6.48,7.84,0.24,0.00,0.00,23
2010-09-07,85.44,6.48,7.84,0.24,0.00,0.00,23
2010-08-31,85.44,6.48,7.84,0.24,0.00,0.00,23
2010-08-24,85.44,6.48,7.84,0.24,0.00,0.00,23
2010-08-17,85.44,6.48,7.84,0.24,0.00,0.00,23
2010-08-10,85.44,6.48,7.84,0.24,0.00,0.00,23
2010-08-03,85.44,6.48,7.84,0.24,0.00,0.00,23
2010-07-27,87.46,4.47,7.84,0.24,0.00,0.00,21
2010-07-20,87.79,4.13,7.84,0.24,0.00,0.00,21
2010-07-13,87.97,3.95,7.84,0.24,0.00,0.00,20
2010-07-06,87.97,3.95,7.84,0.24,0.00,0.00,20
2010-06-29,87.97,3.95,7.84,0.24,0.00,0.00,20
2010-06-22,87.97,3.95,7.84,0.24,0.00,0.00,20
2010-06-15,87.97,3.95,7.84,0.24,0.00,0.00,20
2010-06-08,87.97,3.95,2.10,5.97,0.00,0.00,26
2010-06-01,87.02,4.90,2.10,5.97,0.00,0.00,27
2010-05-25,87.02,4.90,2.10,5.97,0.00,0.00,27
2010-05-18,81.30,10.12,1.62,6.96,0.00,0.00,34
2010-05-11,72.69,18.19,2.03,7.09,0.00,0.00,44
2010-05-04,72.82,17.29,2.79,7.10,0.00,0.00,44
2010-04-27,72.82,17.29,2.79,7.10,0.00,0.00,44
2010-04-20,67.61,22.50,2.79,7.10,0.00,0.00,49
2010-04-13,67.76,22.35,2.79,7.10,0.00,0.00,49
2010-04-06,63.21,26.91,2.79,7.10,0.00,0.00,54
2010-03-30,63.24,26.85,2.81,7.10,0.00,0.00,54
2010-03-23,64.29,25.80,2.81,7.10,0.00,0.00,53
2010-03-16,66.08,23.79,3.39,6.75,0.00,0.00,51
2010-03-09,66.67,22.42,5.03,5.88,0.00,0.00,50
2010-03-02,64.59,24.69,6.43,4.28,0.00,0.00,50
2010-02-23,64.59,24.69,6.43,4.28,0.00,0.00,50
2010-02-16,64.05,24.97,6.70,4.28,0.00,0.00,51
2010-02-09,44.32,44.69,8.80,2.19,0.00,0.00,69
2010-02-02,43.19,38.06,16.56,2.19,0.00,0.00,78
2010-01-26,42.61,37.98,17.22,2.19,0.00,0.00,79
2010-01-19,7.94,28.85,49.22,13.98,0.00,0.00,169
2010-01-12,6.56,20.50,51.72,21.22,0.00,0.00,188
2010-01-05,6.56,20.68,63.71,9.04,0.00,0.00,175
2009-12-29,6.56,21.27,62.92,9.24,0.00,0.00,175
2009-12-22,6.56,21.27,62.92,9.24,0.00,0.00,175
2009-12-15,6.56,21.27,62.92,9.24,0.00,0.00,175
2009-12-08,7.72,18.23,56.79,17.26,0.00,0.00,184
2009-12-01,7.72,18.23,56.79,17.26,0.00,0.00,184
2009-11-24,8.40,17.97,56.37,17.26,0.00,0.00,182
2009-11-17,7.59,15.09,59.62,17.70,0.00,0.00,187
2009-11-10,7.59,15.09,59.62,17.70,0.00,0.00,187
2009-11-03,7.59,15.07,59.65,17.70,0.00,0.00,187
2009-10-27,9.09,28.40,44.81,17.70,0.00,0.00,171
2009-10-20,10.59,28.18,43.53,17.70,0.00,0.00,168
2009-10-13,0.00,26.56,27.62,45.82,0.00,0.00,219
2009-10-06,0.00,26.56,27.62,45.82,0.00,0.00,219
2009-09-29,0.00,26.56,27.62,45.82,0.00,0.00,219
2009-09-22,0.00,26.56,27.62,45.82,0.00,0.00,219
2009-09-15,0.00,26.56,27.62,45.82,0.00,0.00,219
2009-09-08,0.00,26.56,27.62,45.82,0.00,0.00,219
2009-09-01,0.00,26.56,27.62,45.82,0.00,0.00,219
2009-08-25,0.02,27.13,30.06,42.80,0.00,0.00,216
2009-08-18,0.02,27.13,30.06,42.80,0.00,0.00,216
2009-08-11,0.80,26.34,30.06,42.80,0.00,0.00,215
2009-08-04,0.78,26.36,28.60,44.26,0.00,0.00,216
2009-07-28,2.47,24.68,28.60,44.26,0.00,0.00,215
2009-07-21,2.47,24.68,28.60,44.26,0.00,0.00,215
2009-07-14,2.47,24.68,28.60,44.26,0.00,0.00,215
2009-07-07,2.47,24.68,28.60,44.26,0.00,0.00,215
2009-06-30,2.86,25.13,27.75,44.26,0.00,0.00,213
2009-06-23,2.86,25.13,27.75,44.26,0.00,0.00,213
2009-06-16,2.81,25.18,27.75,44.26,0.00,0.00,213
2009-06-09,2.72,25.28,27.74,44.26,0.00,0.00,214
2009-06-02,2.72,24.96,28.07,44.25,0.00,0.00,214
2009-05-26,3.62,24.27,36.82,35.29,0.00,0.00,204
2009-05-19,3.62,24.27,36.82,35.29,0.00,0.00,204
2009-05-12,3.65,24.24,36.82,35.29,0.00,0.00,204
2009-05-05,3.65,24.24,36.82,35.29,0.00,0.00,204
2009-04-28,3.65,23.36,34.18,38.81,0.00,0.00,208
2009-04-21,3.65,23.36,34.18,38.81,0.00,0.00,208
2009-04-14,5.15,32.16,27.20,35.49,0.00,0.00,193
2009-04-07,5.15,32.16,27.20,35.49,0.00,0.00,193
2009-03-31,5.15,31.01,41.31,22.53,0.00,0.00,181
2009-03-24,5.15,31.01,41.31,22.53,0.00,0.00,181
2009-03-17,5.15,31.01,41.34,22.50,0.00,0.00,181
2009-03-10,5.15,32.53,39.82,22.50,0.00,0.00,180
2009-03-03,5.15,24.11,28.89,37.47,4.37,0.00,212
2009-02-24,5.15,24.11,21.04,34.91,14.78,0.00,230
2009-02-17,5.15,24.11,20.67,33.37,16.70,0.00,232
2009-02-10,0.90,20.35,24.06,35.69,19.00,0.00,252
2009-02-03,0.77,9.80,34.73,35.69,19.01,0.00,262
2009-01-27,1.23,10.56,39.31,32.96,15.94,0.00,252
2009-01-20,1.71,10.08,39.31,35.94,12.97,0.00,248
2009-01-13,1.71,10.08,44.13,41.31,2.77,0.00,233
2009-01-06,1.71,10.08,46.95,38.49,2.77,0.00,231
2008-12-30,1.69,10.10,45.19,40.25,2.77,0.00,232
2008-12-23,0.07,11.14,45.77,40.25,2.77,0.00,235
2008-12-16,0.00,6.03,43.25,44.89,5.83,0.00,251
2008-12-09,0.00,12.59,38.22,45.98,3.21,0.00,240
2008-12-02,0.00,13.98,44.68,41.34,0.00,0.00,227
2008-11-25,4.71,9.27,44.68,41.34,0.00,0.00,223
2008-11-18,4.71,9.27,44.68,41.34,0.00,0.00,223
2008-11-11,4.71,9.27,44.68,41.34,0.00,0.00,223
2008-11-04,0.00,9.49,50.15,40.37,0.00,0.00,231
2008-10-28,0.00,6.45,38.00,55.56,0.00,0.00,249
2008-10-21,0.00,6.52,37.86,55.62,0.00,0.00,249
2008-10-14,0.05,4.14,40.70,55.11,0.00,0.00,251
2008-10-07,0.04,4.06,40.90,55.00,0.00,0.00,251
2008-09-30,0.04,4.06,40.66,53.18,2.05,0.00,253
2008-09-23,0.04,4.06,40.66,53.18,2.05,0.00,253
2008-09-16,0.04,4.06,47.13,48.77,0.00,0.00,245
2008-09-09,0.04,4.06,47.13,48.77,0.00,0.00,245
2008-09-02,0.04,1.52,53.96,44.47,0.00,0.00,243
2008-08-26,0.04,2.27,54.61,43.08,0.00,0.00,241
2008-08-19,0.04,3.07,55.51,41.38,0.00,0.00,238
2008-08-12,0.04,11.07,50.18,38.70,0.00,0.00,228
2008-08-05,0.06,11.06,50.18,38.70,0.00,0.00,228
2008-07-29,0.06,11.06,50.18,38.70,0.00,0.00,228
2008-07-22,0.12,11.00,72.31,16.57,0.00,0.00,205
2008-07-15,0.06,10.74,71.13,18.07,0.00,0.00,207
2008-07-08,0.14,10.66,71.13,18.07,0.00,0.00,207
2008-07-01,0.14,10.66,71.13,18.07,0.00,0.00,207
2008-06-24,0.14,10.66,71.13,18.07,0.00,0.00,207
2008-06-17,0.17,10.63,71.13,18.07,0.00,0.00,207
2008-06-10,4.69,31.56,54.48,9.26,0.00,0.00,168
2008-06-03,4.78,31.48,54.48,9.26,0.00,0.00,168
2008-05-27,8.90,43.58,38.25,9.26,0.00,0.00,148
2008-05-20,7.75,43.82,39.16,9.26,0.00,0.00,150
2008-05-13,7.75,43.82,39.16,9.26,0.00,0.00,150
2008-05-06,7.73,43.84,39.16,9.26,0.00,0.00,150
2008-04-29,7.29,47.05,36.40,9.26,0.00,0.00,148
2008-04-22,24.58,35.82,34.15,5.45,0.00,0.00,120
2008-04-15,24.58,35.82,34.15,5.45,0.00,0.00,120
2008-04-08,36.77,23.63,34.15,5.45,0.00,0.00,108
2008-04-01,44.52,23.90,27.74,3.83,0.00,0.00,91
2008-03-25,44.52,25.40,26.20,3.88,0.00,0.00,89
2008-03-18,44.52,21.20,20.95,13.33,0.00,0.00,103
2008-03-11,44.52,21.20,20.95,13.33,0.00,0.00,103
2008-03-04,44.52,21.20,20.95,13.33,0.00,0.00,103
2008-02-26,44.52,21.20,20.95,13.33,0.00,0.00,103
2008-02-19,18.27,44.27,23.40,14.06,0.00,0.00,133
2008-02-12,18.27,44.37,23.31,14.06,0.00,0.00,133
2008-02-05,18.23,45.14,22.57,14.06,0.00,0.00,132
2008-01-29,18.23,40.17,26.77,14.83,0.00,0.00,138
2008-01-22,11.36,8.80,47.05,32.80,0.00,0.00,201
2008-01-15,11.36,8.88,46.97,32.80,0.00,0.00,201
2008-01-08,11.36,8.88,48.21,31.56,0.00,0.00,200
2008-01-01,8.87,6.43,26.65,43.49,14.55,0.00,248
2007-12-25,8.87,6.43,26.65,43.50,14.54,0.00,248
2007-12-18,8.87,6.43,26.65,43.50,14.54,0.00,248
2007-12-11,8.87,6.30,26.79,43.50,14.55,0.00,249
2007-12-04,8.87,6.30,26.79,43.51,14.53,0.00,249
2007-11-27,8.87,6.30,26.81,24.34,33.68,0.00,268
2007-11-20,8.87,6.30,26.81,24.34,33.68,0.00,268
2007-11-13,8.87,6.30,26.81,24.35,33.67,0.00,268
2007-11-06,8.87,6.30,26.53,24.62,33.69,0.00,268
2007-10-30,8.87,6.30,26.53,24.62,33.68,0.00,268
2007-10-23,5.61,8.30,21.46,30.88,33.74,0.00,279
2007-10-16,1.17,6.27,27.93,30.86,33.76,0.00,290
2007-10-09,0.10,7.34,27.93,30.87,33.75,0.00,291
2007-10-02,0.00,7.44,27.93,30.86,33.76,0.00,291
2007-09-25,0.00,7.44,27.93,30.86,33.76,0.00,291
2007-09-18,0.00,7.44,27.22,30.11,35.23,0.00,293
2007-09-11,0.00,7.44,27.22,30.12,35.22,0.00,293
2007-09-04,0.00,7.44,27.22,30.12,35.22,0.00,293
2007-08-28,0.00,7.44,27.22,30.13,35.21,0.00,293
2007-08-21,0.00,7.68,26.98,30.11,35.23,0.00,293
2007-08-14,0.00,7.68,26.98,30.11,35.23,0.00,293
2007-08-07,0.00,7.68,26.98,30.20,35.15,0.00,293
2007-07-31,0.00,7.68,26.98,30.19,35.15,0.00,293
2007-07-24,0.00,7.68,26.98,30.19,35.15,0.00,293
2007-07-17,0.00,7.68,26.98,30.20,35.15,0.00,293
2007-07-10,0.00,7.68,26.98,30.19,35.15,0.00,293
2007-07-03,0.00,7.68,26.98,30.20,35.14,0.00,293
2007-06-26,0.00,7.68,26.98,31.04,34.31,0.00,292
2007-06-19,0.00,7.68,26.98,31.03,34.31,0.00,292
2007-06-12,3.31,4.37,26.98,30.95,34.40,0.00,289
2007-06-05,3.31,4.37,26.98,30.94,34.40,0.00,289
2007-05-29,3.31,4.37,26.98,30.94,34.40,0.00,289
2007-05-22,3.31,4.63,26.72,30.95,34.39,0.00,288
2007-05-15,3.31,6.93,29.31,31.80,28.65,0.00,276
2007-05-08,7.51,10.14,30.71,22.99,28.65,0.00,255
2007-05-01,7.51,10.14,30.71,22.99,28.65,0.00,255
2007-04-24,7.75,9.82,30.79,22.99,28.65,0.00,255
2007-04-17,3.77,8.93,31.16,27.48,28.65,0.00,268
2007-04-10,5.30,12.43,43.71,17.25,21.32,0.00,237
2007-04-03,8.52,28.46,30.01,11.69,21.32,0.00,209
2007-03-27,19.95,19.31,27.06,12.37,21.32,0.00,196
2007-03-20,25.44,14.96,27.00,11.36,21.23,0.00,188
2007-03-13,25.41,15.22,26.78,11.36,21.23,0.00,188
2007-03-06,25.41,20.57,25.22,28.80,0.00,0.00,157
2007-02-27,25.41,20.57,25.22,28.80,0.00,0.00,157
2007-02-20,15.18,25.63,29.55,29.64,0.00,0.00,174
2007-02-13,24.95,20.61,24.71,29.73,0.00,0.00,159
2007-02-06,9.64,29.09,37.04,24.23,0.00,0.00,176
2007-01-30,9.82,28.91,38.39,22.87,0.00,0.00,174
2007-01-23,10.72,42.31,29.25,17.72,0.00,0.00,154
2007-01-16,34.97,37.89,24.52,2.62,0.00,0.00,95
2007-01-09,34.97,37.89,24.52,2.62,0.00,0.00,95
2007-01-02,40.73,32.50,26.77,0.00,0.00,0.00,86
2006-12-26,40.35,48.00,11.64,0.00,0.00,0.00,71
2006-12-19,40.35,48.00,11.64,0.00,0.00,0.00,71
2006-12-12,49.79,49.41,0.79,0.00,0.00,0.00,51
2006-12-05,44.03,55.18,0.79,0.00,0.00,0.00,57
2006-11-28,77.72,21.46,0.82,0.00,0.00,0.00,23
2006-11-21,77.64,21.55,0.82,0.00,0.00,0.00,23
2006-11-14,84.57,14.61,0.82,0.00,0.00,0.00,16
2006-11-07,84.57,14.61,0.82,0.00,0.00,0.00,16
2006-10-31,84.57,14.61,0.82,0.00,0.00,0.00,16
2006-10-24,84.57,14.61,0.82,0.00,0.00,0.00,16
2006-10-17,84.57,14.61,0.82,0.00,0.00,0.00,16
2006-10-10,85.15,14.03,0.82,0.00,0.00,0.00,16
2006-10-03,85.15,14.03,0.82,0.00,0.00,0.00,16
2006-09-26,84.97,14.21,0.82,0.00,0.00,0.00,16
2006-09-19,84.97,14.21,0.82,0.00,0.00,0.00,16
2006-09-12,84.97,12.42,2.49,0.13,0.00,0.00,18
2006-09-05,84.79,12.59,2.49,0.13,0.00,0.00,18
2006-08-29,93.23,6.71,0.05,0.00,0.00,0.00,7
2006-08-22,93.03,6.90,0.06,0.00,0.00,0.00,7
2006-08-15,92.27,7.57,0.16,0.00,0.00,0.00,8
2006-08-08,92.27,7.60,0.12,0.00,0.00,0.00,8
2006-08-01,92.27,7.60,0.12,0.00,0.00,0.00,8
2006-07-25,92.27,7.60,0.12,0.00,0.00,0.00,8
2006-07-18,92.27,7.60,0.12,0.00,0.00,0.00,8
2006-07-11,92.00,7.88,0.12,0.00,0.00,0.00,8
2006-07-04,91.70,8.23,0.07,0.00,0.00,0.00,8
2006-06-27,91.76,8.17,0.07,0.00,0.00,0.00,8
2006-06-20,92.46,7.47,0.07,0.00,0.00,0.00,8
2006-06-13,92.46,7.47,0.07,0.00,0.00,0.00,8
2006-06-06,92.46,7.47,0.07,0.00,0.00,0.00,8
2006-05-30,92.46,7.47,0.07,0.00,0.00,0.00,8
2006-05-23,92.36,7.58,0.07,0.00,0.00,0.00,8
2006-05-16,92.36,7.58,0.07,0.00,0.00,0.00,8
2006-05-09,92.36,7.64,0.00,0.00,0.00,0.00,8
2006-05-02,92.36,7.64,0.01,0.00,0.00,0.00,8
2006-04-25,92.92,6.93,0.16,0.00,0.00,0.00,7
2006-04-18,92.92,6.93,0.16,0.00,0.00,0.00,7
2006-04-11,92.92,6.93,0.16,0.00,0.00,0.00,7
2006-04-04,92.47,7.37,0.16,0.00,0.00,0.00,8
2006-03-28,91.62,7.83,0.55,0.00,0.00,0.00,9
2006-03-21,83.59,15.86,0.55,0.00,0.00,0.00,17
2006-03-14,83.59,15.90,0.52,0.00,0.00,0.00,17
2006-03-07,78.18,21.30,0.52,0.00,0.00,0.00,22
2006-02-28,75.86,23.66,0.48,0.00,0.00,0.00,25
2006-02-21,84.21,15.79,0.00,0.00,0.00,0.00,16
2006-02-14,86.59,13.41,0.00,0.00,0.00,0.00,13
2006-02-07,86.68,13.32,0.00,0.00,0.00,0.00,13
2006-01-31,97.08,2.92,0.00,0.00,0.00,0.00,3
2006-01-24,97.08,2.92,0.00,0.00,0.00,0.00,3
2006-01-17,97.08,2.92,0.00,0.00,0.00,0.00,3
2006-01-10,96.60,3.40,0.00,0.00,0.00,0.00,3
2006-01-03,98.32,1.68,0.00,0.00,0.00,0.00,2
2005-12-27,93.91,6.09,0.00,0.00,0.00,0.00,6
2005-12-20,93.69,6.31,0.00,0.00,0.00,0.00,6
2005-12-13,90.03,9.97,0.00,0.00,0.00,0.00,10
2005-12-06,90.03,9.97,0.00,0.00,0.00,0.00,10
2005-11-29,75.23,24.77,0.00,0.00,0.00,0.00,25
2005-11-22,99.66,0.34,0.00,0.00,0.00,0.00,0
2005-11-15,99.66,0.34,0.00,0.00,0.00,0.00,0
2005-11-08,99.66,0.34,0.00,0.00,0.00,0.00,0
2005-11-01,99.58,0.42,0.00,0.00,0.00,0.00,0
2005-10-25,99.58,0.42,0.00,0.00,0.00,0.00,0
2005-10-18,99.58,0.42,0.00,0.00,0.00,0.00,0
2005-10-11,99.58,0.42,0.00,0.00,0.00,0.00,0
2005-10-04,99.58,0.42,0.00,0.00,0.00,0.00,0
2005-09-27,99.58,0.42,0.00,0.00,0.00,0.00,0
2005-09-20,99.41,0.54,0.05,0.00,0.00,0.00,1
2005-09-13,99.20,0.74,0.06,0.00,0.00,0.00,1
2005-09-06,99.20,0.74,0.06,0.00,0.00,0.00,1
2005-08-30,98.84,1.10,0.06,0.00,0.00,0.00,1
2005-08-23,98.85,1.09,0.06,0.00,0.00,0.00,1
2005-08-16,99.04,0.90,0.06,0.00,0.00,0.00,1
2005-08-09,99.03,0.91,0.06,0.00,0.00,0.00,1
2005-08-02,98.96,0.98,0.06,0.00,0.00,0.00,1
2005-07-26,99.01,0.93,0.06,0.00,0.00,0.00,1
2005-07-19,99.01,0.93,0.06,0.00,0.00,0.00,1
2005-07-12,99.01,0.93,0.06,0.00,0.00,0.00,1
2005-07-05,99.01,0.93,0.06,0.00,0.00,0.00,1
2005-06-28,99.01,0.93,0.06,0.00,0.00,0.00,1
2005-06-21,98.71,1.23,0.06,0.00,0.00,0.00,1
2005-06-14,98.48,1.46,0.06,0.00,0.00,0.00,2
2005-06-07,98.48,1.46,0.06,0.00,0.00,0.00,2
2005-05-31,98.48,1.46,0.06,0.00,0.00,0.00,2
2005-05-24,98.48,1.46,0.06,0.00,0.00,0.00,2
2005-05-17,98.48,1.46,0.06,0.00,0.00,0.00,2
2005-05-10,97.00,1.91,1.09,0.00,0.00,0.00,4
2005-05-03,95.53,2.38,2.09,0.00,0.00,0.00,7
2005-04-26,96.16,1.75,2.09,0.00,0.00,0.00,6
2005-04-19,96.16,1.75,2.09,0.00,0.00,0.00,6
2005-04-12,95.46,1.90,2.60,0.04,0.00,0.00,7
2005-04-05,94.54,2.83,2.58,0.04,0.00,0.00,8
2005-03-29,95.35,1.78,2.66,0.21,0.00,0.00,8
2005-03-22,87.97,9.03,2.79,0.21,0.00,0.00,15
2005-03-15,87.97,9.03,2.79,0.21,0.00,0.00,15
2005-03-08,90.12,8.57,1.30,0.00,0.00,0.00,11
2005-03-01,90.40,8.38,1.22,0.00,0.00,0.00,11
2005-02-22,88.57,10.21,1.22,0.00,0.00,0.00,13
2005-02-15,88.57,10.21,1.22,0.00,0.00,0.00,13
2005-02-08,89.80,6.11,4.10,0.00,0.00,0.00,14
2005-02-01,88.93,6.98,4.10,0.00,0.00,0.00,15
2005-01-25,88.24,7.67,3.88,0.21,0.00,0.00,16
2005-01-18,88.37,7.53,3.88,0.21,0.00,0.00,16
2005-01-11,83.40,12.50,3.88,0.21,0.00,0.00,21
2005-01-04,69.05,23.10,6.08,1.77,0.00,0.00,41
2004-12-28,40.45,30.69,24.87,3.98,0.00,0.00,92
2004-12-21,32.23,38.40,25.39,3.98,0.00,0.00,101
2004-12-14,32.23,38.40,25.39,3.98,0.00,0.00,101
2004-12-07,26.62,44.01,24.53,4.84,0.00,0.00,108
2004-11-30,26.46,43.33,21.57,8.64,0.00,0.00,112
2004-11-23,24.23,44.49,22.98,8.30,0.00,0.00,115
2004-11-16,24.23,44.49,22.98,8.30,0.00,0.00,115
2004-11-09,20.84,47.87,22.98,8.30,0.00,0.00,119
2004-11-02,18.41,50.31,20.87,10.42,0.00,0.00,123
2004-10-26,18.23,41.22,30.13,10.42,0.00,0.00,133
2004-10-19,12.21,31.97,37.57,18.25,0.00,0.00,162
2004-10-12,5.41,33.51,39.98,21.10,0.00,0.00,177
2004-10-05,5.41,33.51,39.98,21.10,0.00,0.00,177
2004-09-28,5.41,33.51,39.98,21.10,0.00,0.00,177
2004-09-21,5.26,33.66,39.98,21.10,0.00,0.00,177
2004-09-14,5.35,33.57,39.98,21.10,0.00,0.00,177
2004-09-07,5.20,33.50,38.84,22.45,0.00,0.00,179
2004-08-31,5.10,33.61,38.84,22.45,0.00,0.00,179
2004-08-24,10.63,28.79,38.80,21.79,0.00,0.00,172
2004-08-17,10.62,28.79,38.80,21.79,0.00,0.00,172
2004-08-10,10.62,28.79,35.29,25.30,0.00,0.00,175
2004-08-03,15.64,32.30,37.09,14.97,0.00,0.00,151
2004-07-27,14.81,33.13,37.09,14.97,0.00,0.00,152
2004-07-20,14.81,33.16,42.13,9.89,0.00,0.00,147
2004-07-13,14.81,33.13,43.74,8.32,0.00,0.00,146
2004-07-06,14.81,33.13,43.74,8.32,0.00,0.00,146
2004-06-29,14.64,34.47,43.33,7.57,0.00,0.00,144
2004-06-22,17.95,31.39,43.10,7.57,0.00,0.00,140
2004-06-15,17.67,31.91,42.75,7.67,0.00,0.00,140
2004-06-08,17.67,31.91,42.75,7.67,0.00,0.00,140
2004-06-01,18.39,31.25,43.70,6.66,0.00,0.00,139
2004-05-25,16.90,34.78,41.36,6.96,0.00,0.00,138
2004-05-18,17.07,36.87,39.10,6.96,0.00,0.00,136
2004-05-11,17.07,36.87,39.10,6.96,0.00,0.00,136
2004-05-04,16.81,37.14,39.10,6.96,0.00,0.00,136
2004-04-27,29.20,48.13,15.70,6.96,0.00,0.00,100
2004-04-20,31.64,49.35,13.22,5.78,0.00,0.00,93
2004-04-13,31.64,49.35,13.22,5.78,0.00,0.00,93
2004-04-06,62.08,21.47,11.02,5.43,0.00,0.00,60
2004-03-30,61.85,20.99,9.22,7.94,0.00,0.00,63
2004-03-23,74.00,8.84,9.22,7.94,0.00,0.00,51
2004-03-16,74.00,8.84,9.22,7.94,0.00,0.00,51
2004-03-09,74.00,8.84,9.22,7.94,0.00,0.00,51
2004-03-02,74.00,8.84,9.22,7.94,0.00,0.00,51
2004-02-24,70.62,12.18,9.42,7.78,0.00,0.00,54
2004-02-17,67.47,15.33,9.42,7.78,0.00,0.00,58
2004-02-10,67.47,15.33,9.42,7.78,0.00,0.00,58
2004-02-03,67.18,15.53,9.51,7.79,0.00,0.00,58
2004-01-27,67.18,15.53,9.63,7.67,0.00,0.00,58
2004-01-20,66.01,15.61,10.72,7.67,0.00,0.00,60
2004-01-13,65.27,11.50,13.72,9.51,0.00,0.00,67
2004-01-06,69.55,10.17,12.23,8.05,0.00,0.00,59
2003-12-30,67.34,12.38,10.81,9.46,0.00,0.00,62
2003-12-23,47.84,20.10,22.26,9.79,0.01,0.00,94
2003-12-16,48.91,20.52,20.82,9.73,0.02,0.00,91
2003-12-09,47.46,22.89,20.78,8.86,0.01,0.00,91
2003-12-02,43.73,25.56,20.86,9.84,0.00,0.00,97
2003-11-25,46.19,23.12,19.79,10.91,0.00,0.00,95
2003-11-18,44.56,23.34,20.55,11.53,0.03,0.00,99
2003-11-11,45.87,22.79,21.14,10.20,0.00,0.00,96
2003-11-04,29.14,37.80,21.99,11.07,0.00,0.00,115
2003-10-28,6.60,51.23,30.85,11.30,0.02,0.00,147
2003-10-21,26.77,46.74,15.23,11.27,0.00,0.00,111
2003-10-14,28.25,47.79,14.48,9.48,0.00,0.00,105
2003-10-07,66.91,7.81,14.63,10.65,0.00,0.00,69
2003-09-30,67.98,8.16,14.92,8.94,0.00,0.00,65
2003-09-23,66.92,7.61,14.77,10.71,0.00,0.00,69
2003-09-16,67.25,7.85,14.72,10.18,0.00,0.00,68
2003-09-09,65.83,6.65,18.13,9.37,0.01,0.00,71
2003-09-02,65.32,4.13,15.28,15.26,0.00,0.00,80
2003-08-26,66.80,9.19,10.57,13.43,0.01,0.00,71
2003-08-19,66.81,9.11,11.37,12.70,0.00,0.00,70
2003-08-12,63.93,11.32,16.37,8.36,0.01,0.00,69
2003-08-05,63.37,10.91,16.63,9.04,0.05,0.00,71
2003-07-29,63.90,11.34,16.33,8.41,0.03,0.00,69
2003-07-22,62.96,11.01,17.14,8.88,0.01,0.00,72
2003-07-15,62.14,12.59,16.09,9.19,0.00,0.00,72
2003-07-08,62.41,11.87,16.34,9.38,0.00,0.00,73
2003-07-01,63.14,11.80,16.61,8.42,0.03,0.00,70
2003-06-24,64.70,10.07,16.94,8.25,0.04,0.00,69
2003-06-17,63.83,10.32,17.62,8.13,0.10,0.00,70
2003-06-10,63.70,10.58,17.06,8.66,0.00,0.00,71
2003-06-03,63.32,10.52,17.17,8.99,0.00,0.00,72
2003-05-27,65.05,9.81,16.75,8.38,0.00,0.00,68
2003-05-20,64.15,10.84,16.55,8.47,0.00,0.00,69
2003-05-13,63.81,10.73,17.44,8.03,0.00,0.00,70
2003-05-06,58.71,11.17,21.79,8.33,0.00,0.00,80
2003-04-29,59.37,11.17,21.79,7.67,0.00,0.00,78
2003-04-22,59.72,9.43,22.09,8.72,0.04,0.00,80
2003-04-15,58.56,12.44,18.82,10.12,0.05,0.00,81
2003-04-08,40.13,27.13,21.34,11.22,0.17,0.00,104
2003-04-01,39.64,27.79,21.00,11.36,0.21,0.00,105
2003-03-25,51.83,16.07,20.77,11.23,0.10,0.00,92
2003-03-18,51.50,15.60,21.35,11.51,0.04,0.00,93
2003-03-11,45.14,21.16,11.86,20.65,1.20,0.00,112
2003-03-04,60.17,9.18,8.84,20.46,1.35,0.00,94
2003-02-25,58.10,7.44,13.84,12.99,7.62,0.00,105
2003-02-18,57.82,7.71,13.78,12.75,7.93,0.00,105
2003-02-11,45.39,15.78,10.51,13.41,14.91,0.00,137
2003-02-04,47.36,20.87,5.98,10.10,15.70,0.00,126
2003-01-28,51.74,18.70,4.32,9.57,15.67,0.00,119
2003-01-21,61.07,9.23,5.50,7.01,17.18,0.00,110
2003-01-14,60.71,8.48,5.42,8.31,17.08,0.00,113
2003-01-07,58.16,9.70,6.72,8.50,16.93,0.00,116
2002-12-31,58.39,9.39,6.17,8.87,17.19,0.00,117
2002-12-24,56.56,10.32,6.83,8.71,17.58,0.00,120
2002-12-17,42.10,22.15,6.63,11.94,17.18,0.00,140
2002-12-10,0.00,48.26,20.85,13.50,17.39,0.00,200
2002-12-03,5.66,59.08,7.10,10.81,17.35,0.00,175
2002-11-26,4.95,58.89,7.56,7.78,20.81,0.00,181
2002-11-19,5.55,58.58,7.66,7.53,20.68,0.00,179
2002-11-12,5.29,59.52,7.09,7.69,20.41,0.00,178
2002-11-05,0.00,24.52,28.28,22.72,24.48,0.00,247
2002-10-29,0.00,27.77,32.82,15.13,24.28,0.00,236
2002-10-22,0.00,27.99,32.36,15.76,23.89,0.00,236
2002-10-15,0.00,29.52,30.88,15.96,23.64,0.00,234
2002-10-08,0.00,29.27,31.07,16.01,23.64,0.00,234
2002-10-01,6.12,42.13,13.56,14.58,23.61,0.00,207
2002-09-24,5.50,38.36,16.50,15.66,23.98,0.00,214
2002-09-17,5.77,38.62,16.22,15.47,23.92,0.00,213
2002-09-10,5.10,39.66,14.79,16.82,23.63,0.00,214
2002-09-03,5.28,38.35,16.44,16.98,22.95,0.00,214
2002-08-27,4.89,38.87,16.24,15.78,24.21,0.00,216
2002-08-20,4.99,38.43,16.26,16.37,23.95,0.00,216
2002-08-13,4.99,38.36,16.63,13.71,26.32,0.00,218
2002-08-06,5.23,38.55,16.17,14.00,26.05,0.00,217
2002-07-30,4.99,39.66,15.65,15.25,24.45,0.00,215
2002-07-23,5.69,39.01,17.40,14.84,23.07,0.00,211
2002-07-16,6.67,41.78,15.27,13.09,23.20,0.00,204
2002-07-09,6.55,39.88,17.48,20.94,15.15,0.00,198
2002-07-02,7.45,39.25,17.54,22.09,13.67,0.00,195
2002-06-25,7.56,39.45,17.50,22.03,13.46,0.00,194
2002-06-18,18.01,33.77,15.02,24.14,9.07,0.00,173
2002-06-11,17.86,39.79,15.27,22.99,4.09,0.00,156
2002-06-04,17.99,39.95,15.20,22.92,3.93,0.00,155
2002-05-28,19.89,38.31,14.61,23.31,3.87,0.00,153
2002-05-21,53.49,9.67,10.76,25.61,0.45,0.00,110
2002-05-14,53.27,9.41,10.72,26.05,0.55,0.00,111
2002-05-07,53.54,9.33,10.92,25.76,0.45,0.00,110
2002-04-30,53.26,8.86,11.49,25.95,0.45,0.00,111
2002-04-23,52.85,9.17,8.85,29.12,0.00,0.00,114
2002-04-16,52.61,9.15,8.86,29.37,0.00,0.00,115
2002-04-09,54.11,10.29,16.51,19.10,0.00,0.00,101
2002-04-02,55.18,18.05,20.20,6.56,0.00,0.00,78
2002-03-26,54.83,22.85,20.76,1.56,0.00,0.00,69
2002-03-19,55.60,22.10,22.30,0.00,0.00,0.00,67
2002-03-12,53.35,24.70,21.95,0.00,0.00,0.00,69
2002-03-05,52.91,46.80,0.29,0.00,0.00,0.00,47
2002-02-26,54.51,45.32,0.17,0.00,0.00,0.00,46
2002-02-19,54.76,45.17,0.07,0.00,0.00,0.00,45
2002-02-12,53.96,45.76,0.28,0.00,0.00,0.00,46
2002-02-05,75.57,24.26,0.16,0.00,0.00,0.00,25
2002-01-29,87.79,12.06,0.15,0.00,0.00,0.00,12
2002-01-22,87.24,12.65,0.11,0.00,0.00,0.00,13
2002-01-15,92.58,7.15,0.27,0.00,0.00,0.00,8
2002-01-08,92.84,7.05,0.11,0.00,0.00,0.00,7
2002-01-01,77.42,11.50,6.15,4.92,0.00,0.00,39
2001-12-25,66.53,14.66,8.90,9.92,0.00,0.00,62
2001-12-18,51.45,18.07,12.59,14.70,3.20,0.00,100
2001-12-11,48.36,21.15,10.40,13.31,6.77,0.00,109
2001-12-04,45.75,19.84,13.01,13.84,7.56,0.00,118
2001-11-27,40.93,13.97,14.46,13.06,17.59,0.00,152
2001-11-20,29.62,22.84,16.89,12.42,18.22,0.00,167
2001-11-13,29.62,22.84,14.84,14.47,18.22,0.00,169
2001-11-06,29.62,22.84,14.84,14.47,18.22,0.00,169
2001-10-30,29.62,22.84,14.84,14.47,18.22,0.00,169
2001-10-23,29.62,22.85,13.95,14.64,18.95,0.00,170
2001-10-16,29.62,22.85,13.95,14.64,18.95,0.00,170
2001-10-09,33.99,18.47,13.95,14.64,18.95,0.00,166
2001-10-02,33.99,18.47,13.97,14.62,18.95,0.00,166
2001-09-25,33.99,18.47,13.95,14.64,18.95,0.00,166
2001-09-18,33.99,18.47,13.95,14.64,18.95,0.00,166
2001-09-11,33.99,18.47,13.95,14.64,18.95,0.00,166
2001-09-04,50.28,13.85,7.61,9.66,18.60,0.00,132
2001-08-28,50.28,13.85,7.61,9.66,18.60,0.00,132
2001-08-21,53.00,14.84,6.97,8.93,16.26,0.00,121
2001-08-14,54.82,17.99,7.41,9.47,10.31,0.00,102
2001-08-07,54.82,17.99,7.41,10.10,9.69,0.00,102
2001-07-31,54.82,17.99,7.41,10.10,9.69,0.00,102
2001-07-24,54.82,17.99,7.41,10.10,9.69,0.00,102
2001-07-17,55.94,16.86,7.41,10.10,9.69,0.00,101
2001-07-10,56.08,17.23,9.66,7.35,9.69,0.00,97
2001-07-03,42.02,30.38,9.11,13.76,4.72,0.00,109
2001-06-26,46.12,26.29,10.31,16.35,0.93,0.00,100
2001-06-19,46.49,27.55,10.10,15.67,0.20,0.00,96
2001-06-12,49.85,25.81,15.41,8.88,0.05,0.00,83
2001-06-05,49.85,27.76,14.15,8.19,0.05,0.00,81
2001-05-29,59.65,23.12,11.13,6.06,0.04,0.00,64
2001-05-22,59.65,23.12,13.79,3.39,0.05,0.00,61
2001-05-15,59.65,23.12,13.79,3.39,0.05,0.00,61
2001-05-08,66.50,18.79,11.27,3.37,0.07,0.00,52
2001-05-01,66.50,18.79,11.27,2.86,0.58,0.00,52
2001-04-24,66.50,18.79,11.27,2.86,0.58,0.00,52
2001-04-17,66.50,18.79,11.27,2.86,0.58,0.00,52
2001-04-10,74.01,12.88,9.67,2.86,0.58,0.00,43
2001-04-03,69.79,17.28,9.49,2.86,0.58,0.00,47
2001-03-27,73.40,21.95,4.56,0.08,0.00,0.00,31
2001-03-20,73.40,21.95,4.56,0.08,0.00,0.00,31
2001-03-13,73.11,23.92,2.97,0.00,0.00,0.00,30
2001-03-06,73.11,23.92,2.97,0.00,0.00,0.00,30
2001-02-27,73.11,23.93,2.95,0.00,0.00,0.00,30
2001-02-20,68.10,29.61,2.28,0.00,0.00,0.00,34
2001-02-13,62.95,34.37,2.68,0.00,0.00,0.00,40
2001-02-06,63.65,36.35,0.00,0.00,0.00,0.00,36
2001-01-30,80.05,19.95,0.00,0.00,0.00,0.00,20
2001-01-23,74.23,25.77,0.00,0.00,0.00,0.00,26
2001-01-16,85.26,14.74,0.00,0.00,0.00,0.00,15
2001-01-09,56.33,43.67,0.00,0.00,0.00,0.00,44
2001-01-02,69.13,30.87,0.00,0.00,0.00,0.00,31
2000-12-26,100.00,0.00,0.00,0.00,0.00,0.00,0
2000-12-19,100.00,0.00,0.00,0.00,0.00,0.00,0
2000-12-12,100.00,0.00,0.00,0.00,0.00,0.00,0
2000-12-05,100.00,0.00,0.00,0.00,0.00,0.00,0
2000-11-28,100.00,0.00,0.00,0.00,0.00,0.00,0
2000-11-21,100.00,0.00,0.00,0.00,0.00,0.00,0
2000-11-14,100.00,0.00,0.00,0.00,0.00,0.00,0
2000-11-07,100.00,0.00,0.00,0.00,0.00,0.00,0
2000-10-31,100.00,0.00,0.00,0.00,0.00,0.00,0
2000-10-24,88.15,11.85,0.00,0.00,0.00,0.00,12
2000-10-17,84.08,15.92,0.00,0.00,0.00,0.00,16
2000-10-10,87.30,12.70,0.00,0.00,0.00,0.00,13
2000-10-03,87.30,12.70,0.00,0.00,0.00,0.00,13
2000-09-26,87.30,12.70,0.00,0.00,0.00,0.00,13
2000-09-19,87.82,12.18,0.00,0.00,0.00,0.00,12
2000-09-12,87.82,12.18,0.00,0.00,0.00,0.00,12
2000-09-05,87.82,12.18,0.00,0.00,0.00,0.00,12
2000-08-29,77.21,22.79,0.00,0.00,0.00,0.00,23
2000-08-22,75.09,23.92,0.99,0.00,0.00,0.00,26
2000-08-15,75.09,23.18,1.72,0.00,0.00,0.00,27
2000-08-08,87.98,12.02,0.00,0.00,0.00,0.00,12
2000-08-01,92.39,7.61,0.00,0.00,0.00,0.00,8
2000-07-25,92.39,7.61,0.00,0.00,0.00,0.00,8
2000-07-18,100.00,0.00,0.00,0.00,0.00,0.00,0
2000-07-11,100.00,0.00,0.00,0.00,0.00,0.00,0
2000-07-04,100.00,0.00,0.00,0.00,0.00,0.00,0
2000-06-27,100.00,0.00,0.00,0.00,0.00,0.00,0
2000-06-20,100.00,0.00,0.00,0.00,0.00,0.00,0
2000-06-13,100.00,0.00,0.00,0.00,0.00,0.00,0
2000-06-06,100.00,0.00,0.00,0.00,0.00,0.00,0
2000-05-30,100.00,0.00,0.00,0.00,0.00,0.00,0
2000-05-23,100.00,0.00,0.00,0.00,0.00,0.00,0
2000-05-16,100.00,0.00,0.00,0.00,0.00,0.00,0
2000-05-09,100.00,0.00,0.00,0.00,0.00,0.00,0
2000-05-02,100.00,0.00,0.00,0.00,0.00,0.00,0
2000-04-25,100.00,0.00,0.00,0.00,0.00,0.00,0
2000-04-18,95.93,4.07,0.00,0.00,0.00,0.00,4
2000-04-11,97.02,2.98,0.00,0.00,0.00,0.00,3
2000-04-04,97.02,2.98,0.00,0.00,0.00,0.00,3
2000-03-28,97.28,2.72,0.00,0.00,0.00,0.00,3
2000-03-21,97.45,2.55,0.00,0.00,0.00,0.00,3
2000-03-14,97.45,2.55,0.00,0.00,0.00,0.00,3
2000-03-07,90.56,9.40,0.03,0.00,0.00,0.00,9
2000-02-29,83.71,16.24,0.05,0.00,0.00,0.00,16
2000-02-22,81.29,18.70,0.00,0.00,0.00,0.00,19
2000-02-15,56.39,43.60,0.00,0.00,0.00,0.00,44
2000-02-08,55.80,44.20,0.00,0.00,0.00,0.00,44
2000-02-01,49.12,50.88,0.00,0.00,0.00,0.00,51
2000-01-25,44.03,55.97,0.00,0.00,0.00,0.00,56
2000-01-18,27.96,72.04,0.00,0.00,0.00,0.00,72
2000-01-11,18.25,81.75,0.00,0.00,0.00,0.00,82
2000-01-04,51.83,48.17,0.00,0.00,0.00,0.00,48
