Week,None,D0-D4,D1-D4,D2-D4,D3-D4,D4,DSCI
2025-02-18,"9,662,439","27,591,517","23,002,450","19,176,460","8,562,022",0,139
2025-02-11,"7,187,271","30,066,685","24,519,571","21,777,349","16,565,586",0,177
2025-02-04,"7,187,271","30,066,685","24,519,571","21,777,349","16,565,586",0,177
2025-01-28,"7,187,271","30,066,685","24,519,571","21,450,476","8,990,063",0,166
2025-01-21,"7,187,271","30,066,685","22,223,654","21,450,476","8,997,852",0,151
2025-01-14,"8,901,023","28,352,933","21,749,901","19,418,266","221,462",0,125
2025-01-07,"8,901,023","28,352,933","21,749,901","12,388,932","221,462",0,108
2024-12-31,"9,169,303","28,084,653","18,851,460","1,151,522","221,462",0,97
2024-12-24,"9,633,795","27,620,162","2,573,353","1,151,522","219,154",0,80
2024-12-17,"9,633,795","27,620,162","2,573,353","1,151,522","219,154",0,80
2024-12-10,"9,609,627","27,644,329","2,573,353","1,151,522","219,154",0,80
2024-12-03,"26,705,936","10,548,020","2,573,353","1,151,522","219,154",0,67
2024-11-26,"26,698,050","10,555,907","2,573,353","1,151,522","219,154",0,67
2024-11-19,"18,867,004","18,386,953","2,575,054","1,113,099","206,093",0,95
2024-11-12,"18,771,975","18,481,981","2,576,491","1,113,099","206,093",0,98
2024-11-05,"18,777,520","18,476,437","2,346,981","978,058",0,0,91
2024-10-29,"18,788,913","18,465,043","2,347,221","978,058",0,0,91
2024-10-22,"18,763,774","18,490,183","2,452,057","978,058",0,0,94
2024-10-15,"18,763,774","18,490,183","2,452,057","978,058",0,0,94
2024-10-08,"18,763,774","18,490,183","2,449,832","396,971",0,0,91
2024-10-01,"19,052,632","18,201,324","1,929,381","12,382",0,0,82
2024-09-24,"19,087,469","18,166,487","1,929,381","12,382",0,0,82
2024-09-17,"19,087,469","18,166,487","1,929,381","12,382",0,0,82
2024-09-10,"19,087,469","18,166,487","1,929,564","12,382",0,0,82
2024-09-03,"30,348,729","6,905,227","1,280,937",0,0,0,63
2024-08-27,"32,987,657","4,266,299","72,714","1,095",0,0,49
2024-08-20,"34,790,238","2,463,718","72,714","1,095",0,0,40
2024-08-13,"35,780,887","1,473,069","40,173",0,0,0,28
2024-08-06,"35,779,356","1,474,601","40,173",0,0,0,28
2024-07-30,"36,093,867","1,160,089","32,692",0,0,0,26
2024-07-23,"36,094,787","1,159,170","32,692",0,0,0,26
2024-07-16,"36,094,787","1,159,170","13,958",0,0,0,23
2024-07-09,"36,120,764","1,133,192","8,662",0,0,0,20
2024-07-02,"36,730,481","523,475",0,0,0,0,6
2024-06-25,"36,934,943","319,013",0,0,0,0,3
2024-06-18,"36,948,718","305,238",0,0,0,0,1
2024-06-11,"36,948,718","305,238",0,0,0,0,1
2024-06-04,"36,947,592","306,364",0,0,0,0,1
2024-05-28,"36,947,195","306,761",0,0,0,0,1
2024-05-21,"36,947,195","306,761",0,0,0,0,1
2024-05-14,"36,946,270","307,686",0,0,0,0,1
2024-05-07,"36,933,784","320,172",0,0,0,0,3
2024-04-30,"36,933,784","320,172",0,0,0,0,3
2024-04-23,"36,933,784","320,172",0,0,0,0,3
2024-04-16,"36,932,625","321,332",0,0,0,0,3
2024-04-09,"36,932,625","321,332",0,0,0,0,3
2024-04-02,"36,913,177","340,779",0,0,0,0,5
2024-03-26,"36,913,177","340,779",0,0,0,0,5
2024-03-19,"36,913,177","340,779",0,0,0,0,5
2024-03-12,"36,913,177","340,779",0,0,0,0,5
2024-03-05,"36,913,177","340,779",0,0,0,0,5
2024-02-27,"36,816,757","437,199",0,0,0,0,7
2024-02-20,"36,816,757","437,199",0,0,0,0,7
2024-02-13,"36,743,614","510,342",0,0,0,0,7
2024-02-06,"36,737,331","516,625",0,0,0,0,7
2024-01-30,"36,659,995","593,962",0,0,0,0,9
2024-01-23,"36,844,921","409,036",0,0,0,0,3
2024-01-16,"36,841,967","411,989",0,0,0,0,3
2024-01-09,"36,841,967","411,989",0,0,0,0,3
2024-01-02,"36,841,967","411,989",0,0,0,0,3
2023-12-26,"36,841,967","411,989",0,0,0,0,3
2023-12-19,"36,716,386","537,571",0,0,0,0,4
2023-12-12,"36,716,386","537,571",0,0,0,0,4
2023-12-05,"36,716,386","537,571",0,0,0,0,4
2023-11-28,"36,703,403","550,554",0,0,0,0,5
2023-11-21,"36,703,403","550,554",0,0,0,0,5
2023-11-14,"36,703,375","550,582",0,0,0,0,5
2023-11-07,"36,694,229","559,727",0,0,0,0,6
2023-10-31,"36,694,964","558,992",0,0,0,0,6
2023-10-24,"36,681,750","572,207",0,0,0,0,6
2023-10-17,"36,681,750","572,207",0,0,0,0,6
2023-10-10,"36,670,721","583,236","2,961",0,0,0,6
2023-10-03,"36,672,794","581,162","2,961",0,0,0,6
2023-09-26,"36,672,795","581,161","2,961",0,0,0,6
2023-09-19,"36,654,781","599,175","10,636",0,0,0,7
2023-09-12,"36,655,614","598,342","9,836",0,0,0,7
2023-09-05,"36,655,427","598,529","9,836",0,0,0,7
2023-08-29,"36,655,048","598,908","351,503",0,0,0,8
2023-08-22,"36,650,085","603,871","360,584",0,0,0,8
2023-08-15,"33,022,868","4,231,088","1,150,293",0,0,0,33
2023-08-08,"33,021,350","4,232,606","1,150,476",0,0,0,33
2023-08-01,"32,979,307","4,274,650","902,991",0,0,0,32
2023-07-25,"32,978,727","4,275,230","892,778",0,0,0,32
2023-07-18,"32,978,929","4,275,028","892,778",0,0,0,32
2023-07-11,"32,954,125","4,299,832","892,778",0,0,0,34
2023-07-04,"32,967,231","4,286,725","704,780",0,0,0,33
2023-06-27,"32,966,971","4,286,985","704,780",0,0,0,33
2023-06-20,"32,986,720","4,267,236","704,780",0,0,0,32
2023-06-13,"32,986,720","4,267,236","704,780",0,0,0,32
2023-06-06,"32,977,133","4,276,824","704,780",0,0,0,34
2023-05-30,"32,977,238","4,276,718","704,780",0,0,0,34
2023-05-23,"32,976,480","4,277,477","704,780",0,0,0,34
2023-05-16,"32,880,500","4,373,456","715,769",0,0,0,38
2023-05-09,"32,880,500","4,373,456","715,769",0,0,0,38
2023-05-02,"32,881,481","4,372,475","735,670",2,0,0,40
2023-04-25,"32,881,481","4,372,475","735,670",2,0,0,40
2023-04-18,"32,435,330","4,818,626","743,142",2,0,0,43
2023-04-11,"32,435,330","4,818,626","743,142",2,0,0,43
2023-04-04,"30,932,396","6,321,561","3,245,169","2,344",0,0,70
2023-03-28,"30,917,730","6,336,226","3,290,353","131,776",0,0,75
2023-03-21,"27,408,750","9,845,206","4,671,014","414,708",0,0,96
2023-03-14,"19,918,744","17,335,213","4,710,280","414,708",0,0,100
2023-03-07,"5,893,502","31,360,455","5,580,158","1,496,762",0,0,135
2023-02-28,"4,073,864","33,180,092","9,702,597","2,361,950",0,0,157
2023-02-21,"25,320","37,228,637","33,411,791","5,679,130",0,0,217
2023-02-14,"26,359","37,227,598","33,411,791","5,679,130",0,0,217
2023-02-07,"26,442","37,227,515","33,411,710","5,679,130",0,0,217
2023-01-31,"26,442","37,227,515","34,136,629","5,615,371",0,0,221
2023-01-24,"26,442","37,227,515","34,136,629","5,615,371",0,0,221
2023-01-17,"26,442","37,227,515","34,717,069","7,544,941",0,0,234
2023-01-10,0,"37,253,956","36,929,797","10,289,939","2,706",0,242
2023-01-03,0,"37,253,956","37,060,805","20,846,725","6,718,780",0,296
2022-12-27,0,"37,253,956","37,060,803","25,594,606","9,382,631","1,244,811",321
2022-12-20,0,"37,253,956","37,060,803","25,594,606","9,382,631","1,244,811",321
2022-12-13,0,"37,253,956","37,060,803","25,594,606","9,382,631","1,244,811",321
2022-12-06,12,"37,253,945","37,231,366","26,468,204","11,627,911","2,422,019",337
2022-11-29,4,"37,253,953","37,231,366","26,468,204","11,860,470","2,422,019",338
2022-11-22,2,"37,253,955","37,231,429","26,468,204","11,860,470","2,422,019",338
2022-11-15,2,"37,253,955","37,231,429","26,468,204","11,860,470","2,422,140",338
2022-11-08,2,"37,253,955","37,232,815","32,662,196","12,158,654","2,933,412",346
2022-11-01,2,"37,253,955","37,243,600","32,823,749","12,180,430","2,933,412",351
2022-10-25,2,"37,253,955","37,243,577","32,823,749","12,180,430","2,933,412",351
2022-10-18,2,"37,253,955","37,243,577","32,823,749","11,587,503","2,933,412",349
2022-10-11,2,"37,253,955","37,243,577","33,593,933","11,587,503","2,933,412",351
2022-10-04,5,"37,253,951","37,243,577","33,600,800","11,587,503","2,933,412",351
2022-09-27,6,"37,253,951","37,243,383","33,609,853","11,587,503","2,933,412",351
2022-09-20,30,"37,253,927","37,243,383","33,646,242","11,587,503","2,933,412",351
2022-09-13,30,"37,253,927","37,243,383","33,646,242","11,587,503","2,933,412",351
2022-09-06,40,"37,253,917","37,243,383","34,936,947","10,411,729","2,933,412",354
2022-08-30,22,"37,253,935","37,243,383","34,936,947","10,411,729","2,933,412",354
2022-08-23,32,"37,253,924","37,243,383","34,937,879","11,150,294","2,933,412",357
2022-08-16,32,"37,253,924","37,243,383","34,937,879","11,150,294","2,933,412",357
2022-08-09,33,"37,253,923","37,243,579","34,897,551","11,884,784","2,926,382",360
2022-08-02,0,"37,253,956","37,244,399","34,843,943","14,083,625","1,860,463",369
2022-07-26,0,"37,253,956","37,244,399","34,843,943","14,083,625","1,945,393",370
2022-07-19,0,"37,253,956","37,244,399","34,843,943","14,083,625","1,945,393",370
2022-07-12,41,"37,253,916","37,244,897","34,855,755","14,083,625","1,945,393",370
2022-07-05,8,"37,253,949","37,244,897","34,855,755","14,083,625","1,724,866",369
2022-06-28,0,"37,253,956","37,244,591","34,855,755","14,083,625","1,724,866",369
2022-06-21,0,"37,253,956","37,244,591","34,855,755","14,083,625","1,724,866",369
2022-06-14,0,"37,253,956","37,244,591","34,855,755","14,083,630","1,724,866",369
2022-06-07,0,"37,253,956","37,244,591","34,855,755","14,083,630","1,724,866",369
2022-05-31,0,"37,253,956","37,247,760","34,900,021","14,083,630","1,724,866",369
2022-05-24,0,"37,253,956","37,247,760","34,900,021","14,083,630","1,724,866",369
2022-05-17,0,"37,253,956","37,247,852","31,620,883","14,083,630","28,267",355
2022-05-10,0,"37,253,956","37,247,852","31,620,883","14,083,630",0,355
2022-05-03,0,"37,253,956","37,253,956","31,610,342","7,450,757",0,336
2022-04-26,0,"37,253,956","37,253,956","31,610,342","7,451,363",0,336
2022-04-19,0,"37,253,956","37,253,956","31,610,342","7,500,211",0,336
2022-04-12,0,"37,253,956","37,253,956","31,636,162","8,168,631",0,343
2022-04-05,0,"37,253,956","37,253,956","30,390,256","5,018,006",0,334
2022-03-29,0,"37,253,956","37,253,956","30,390,204","4,908,768",0,334
2022-03-22,0,"37,253,956","37,253,956","30,390,204","4,880,596",0,331
2022-03-15,0,"37,253,956","37,253,956","30,369,900","4,406,152",0,328
2022-03-08,0,"37,253,956","37,253,956","22,865,261","1,082,773",0,300
2022-03-01,0,"37,253,956","37,253,956","22,865,261","1,082,773",0,300
2022-02-22,0,"37,253,956","37,253,956","17,420,919","297,448",0,275
2022-02-15,0,"37,253,956","37,233,624","17,321,353","17,207",0,267
2022-02-08,0,"37,253,956","37,221,178","17,331,684","17,207",0,267
2022-02-01,0,"37,253,956","37,221,178","17,321,380","17,207",0,267
2022-01-25,0,"37,253,956","37,221,178","17,321,380","17,207",0,267
2022-01-18,0,"37,253,956","37,221,178","17,321,380","17,207",0,267
2022-01-11,0,"37,253,956","37,221,178","17,321,380","17,207",0,267
2022-01-04,0,"37,253,956","37,223,546","17,575,798","6,252,733","7,990",284
2021-12-28,0,"37,253,956","37,253,956","28,409,499","9,209,051","7,990",320
2021-12-21,0,"37,253,956","37,253,956","33,597,077","28,298,050","7,168,184",395
2021-12-14,0,"37,253,956","37,253,956","33,586,696","28,430,713","9,172,550",401
2021-12-07,0,"37,253,956","37,253,956","33,586,696","28,430,713","9,172,550",401
2021-11-30,0,"37,253,956","37,253,956","33,586,696","28,430,713","9,172,550",401
2021-11-23,0,"37,253,956","37,253,956","33,586,696","28,430,713","9,172,550",401
2021-11-16,0,"37,253,956","37,253,956","33,586,696","28,430,713","12,622,517",410
2021-11-09,0,"37,253,956","37,253,956","33,586,696","28,430,713","12,622,517",410
2021-11-02,0,"37,253,956","37,253,956","33,649,329","28,533,897","12,644,252",416
2021-10-26,0,"37,253,956","37,253,956","33,649,329","28,533,897","12,644,252",416
2021-10-19,0,"37,253,956","37,253,956","33,649,329","28,796,711","14,174,605",427
2021-10-12,0,"37,253,956","37,253,956","33,745,511","28,796,711","14,174,605",427
2021-10-05,0,"37,253,956","37,253,956","33,745,511","29,078,200","14,174,605",427
2021-09-28,0,"37,253,956","37,253,956","33,745,511","29,078,200","14,174,605",427
2021-09-21,0,"37,253,956","37,253,956","33,745,511","29,078,200","14,174,605",427
2021-09-14,0,"37,253,956","37,253,956","33,745,511","29,080,330","14,174,605",428
2021-09-07,0,"37,253,956","37,253,956","33,745,511","29,080,330","14,174,605",428
2021-08-31,0,"37,253,956","37,253,956","34,199,349","29,286,133","14,478,218",431
2021-08-24,0,"37,253,956","37,253,956","34,211,979","29,286,133","14,478,218",431
2021-08-17,0,"37,253,956","37,253,956","34,211,979","29,286,133","14,530,564",433
2021-08-10,0,"37,253,956","37,253,956","34,190,658","29,286,133","14,495,995",431
2021-08-03,0,"37,253,956","37,253,956","34,190,658","29,286,133","14,467,511",430
2021-07-27,0,"37,253,956","37,253,956","34,204,033","29,327,513","14,484,847",430
2021-07-20,0,"37,253,956","37,253,956","34,185,550","29,235,263","9,324,818",414
2021-07-13,0,"37,253,956","37,253,956","34,185,550","29,234,872","9,323,906",414
2021-07-06,0,"37,253,956","37,253,956","34,192,179","29,277,758","9,323,906",413
2021-06-29,0,"37,253,956","37,253,956","34,192,179","29,277,758","9,323,906",413
2021-06-22,0,"37,253,956","37,253,956","34,192,179","29,277,758","9,323,906",413
2021-06-15,0,"37,253,956","37,253,956","34,206,799","29,277,758","9,323,906",414
2021-06-08,0,"37,253,956","37,253,956","34,206,799","29,276,881","9,323,906",413
2021-06-01,0,"37,253,956","37,253,956","33,998,173","26,587,411","7,320,563",395
2021-05-25,0,"37,253,956","37,253,956","33,998,173","26,587,411","7,320,563",395
2021-05-18,0,"37,253,956","37,253,956","33,978,092","26,461,481","3,103,170",384
2021-05-11,0,"37,253,956","37,253,956","33,978,091","26,461,481","1,186,154",381
2021-05-04,0,"37,253,956","34,554,811","33,237,421","26,461,288","494,856",369
2021-04-27,0,"37,253,956","34,554,393","32,332,367","21,181,477","494,856",344
2021-04-20,0,"37,253,956","34,504,070","32,214,466","17,461,131","494,856",337
2021-04-13,"39,543","37,214,414","34,058,695","23,113,180","4,327,046","494,856",314
2021-04-06,"38,824","37,215,133","33,817,305","21,557,034","3,943,666","494,856",302
2021-03-30,"38,931","37,215,025","32,915,956","12,296,506","3,527,597","494,856",291
2021-03-23,"35,252","37,218,704","32,915,956","12,296,506","3,527,597","494,856",291
2021-03-16,"39,784","37,214,172","32,839,227","10,718,988","3,170,519","201,481",282
2021-03-09,"37,943","37,216,013","32,944,044","10,718,988","3,170,519","201,481",282
2021-03-02,"37,943","37,216,013","32,944,044","10,586,102","3,170,519","201,481",280
2021-02-23,"35,571","37,218,385","26,960,824","10,586,102","3,170,519","201,481",274
2021-02-16,"35,571","37,218,385","26,960,824","10,598,788","3,182,681","201,447",276
2021-02-09,"32,937","37,221,019","26,971,698","10,609,145","3,184,212","201,447",277
2021-02-02,0,"37,253,956","27,022,220","10,630,582","3,186,708","201,447",280
2021-01-26,0,"37,253,956","30,418,676","17,459,280","4,152,988","202,929",314
2021-01-19,0,"37,253,956","30,418,676","17,684,610","4,179,472","183,607",314
2021-01-12,0,"37,253,956","30,418,676","17,791,807","4,180,251","183,607",315
2021-01-05,0,"37,253,956","30,425,609","16,417,644","3,390,138","183,607",305
2020-12-29,0,"37,253,956","30,453,198","16,417,644","3,389,830","183,607",304
2020-12-22,0,"37,253,956","30,453,198","16,417,644","3,389,830","183,607",304
2020-12-15,0,"37,253,956","30,453,197","16,417,713","3,389,830","183,607",304
2020-12-08,0,"37,253,956","30,453,197","13,974,401","1,780,005",0,283
2020-12-01,"5,523,003","31,730,953","16,738,045","11,852,887","1,758,930",0,239
2020-11-24,"5,547,783","31,706,173","16,738,045","11,852,887","1,758,930",0,239
2020-11-17,"15,812,863","21,441,093","15,975,740","9,165,118","1,642,453",0,212
2020-11-10,"15,708,269","21,545,687","15,975,740","9,165,118","1,642,453",0,213
2020-11-03,"15,708,269","21,545,687","15,567,388","8,662,922","1,374,834",0,200
2020-10-27,"15,653,782","21,600,174","15,567,388","8,662,922","1,374,834",0,200
2020-10-20,"15,653,782","21,600,174","15,567,388","8,662,922","1,374,834",0,200
2020-10-13,"15,653,782","21,600,174","15,567,388","8,662,922","1,374,834",0,200
2020-10-06,"15,653,783","21,600,174","15,567,388","8,662,922","1,374,834",0,200
2020-09-29,"15,615,424","21,638,532","15,589,049","8,656,355","1,374,834",0,201
2020-09-22,"15,668,586","21,585,371","15,316,011","8,131,194","36,475",0,190
2020-09-15,"15,668,586","21,585,371","15,316,011","8,131,171","34,285",0,190
2020-09-08,"18,231,273","19,022,683","13,272,355","7,820,413","32,433",0,170
2020-09-01,"18,234,312","19,019,644","13,311,742","6,181,752","32,433",0,169
2020-08-25,"18,289,334","18,964,623","13,311,742","6,312,705","32,433",0,169
2020-08-18,"18,289,334","18,964,623","13,318,358","5,988,318","32,433",0,158
2020-08-11,"22,325,113","14,928,844","12,792,678","5,988,318","32,433",0,141
2020-08-04,"22,325,113","14,928,844","12,795,489","5,987,518","32,433",0,141
2020-07-28,"23,127,712","14,126,245","12,795,489","5,987,518","32,433",0,135
2020-07-21,"23,127,712","14,126,245","12,772,918","5,987,518","32,433",0,132
2020-07-14,"23,127,815","14,126,141","12,772,844","5,987,518","26,117",0,132
2020-07-07,"23,161,833","14,092,124","11,338,964","5,983,252","26,117",0,128
2020-06-30,"23,161,833","14,092,124","11,338,964","5,983,252","26,117",0,128
2020-06-23,"23,161,833","14,092,124","11,338,964","5,983,252","26,117",0,128
2020-06-16,"23,161,833","14,092,124","11,338,964","5,983,252","26,117",0,128
2020-06-09,"23,161,833","14,092,124","11,338,964","5,983,252","26,117",0,128
2020-06-02,"23,170,023","14,083,933","11,375,850","5,983,252","32,590",0,129
2020-05-26,"23,170,023","14,083,933","11,375,850","5,983,252","32,590",0,129
2020-05-19,"23,170,023","14,083,933","11,375,850","5,983,252","32,590",0,129
2020-05-12,"23,170,023","14,083,933","11,375,850","5,983,252","33,306",0,129
2020-05-05,"23,170,023","14,083,933","10,901,553","5,932,880","56,696",0,125
2020-04-28,"23,170,023","14,083,933","10,895,388","5,995,744","86,730",0,124
2020-04-21,"23,170,023","14,083,933","10,641,255","5,995,744","86,730",0,118
2020-04-14,"23,170,023","14,083,933","10,641,255","521,837",0,0,107
2020-04-07,"19,496,342","17,757,615","11,925,260","14,611",0,0,112
2020-03-31,"7,112,064","30,141,893","11,925,260","14,611",0,0,120
2020-03-24,"7,112,064","30,141,893","11,867,284","14,611",0,0,117
2020-03-17,"6,995,486","30,258,471","17,719,999","14,205",0,0,124
2020-03-10,"5,897,987","31,355,970","20,288,985",0,0,0,127
2020-03-03,"13,069,688","24,184,269","10,208,638",0,0,0,104
2020-02-25,"13,069,688","24,184,269","5,907,964",0,0,0,93
2020-02-18,"15,535,169","21,718,788","1,354,938",0,0,0,70
2020-02-11,"17,293,006","19,960,951","1,354,938",0,0,0,56
2020-02-04,"27,173,920","10,080,036",0,0,0,0,34
2020-01-28,"27,173,920","10,080,036",0,0,0,0,34
2020-01-21,"37,229,100","24,857",0,0,0,0,4
2020-01-14,"37,229,100","24,857",0,0,0,0,4
2020-01-07,"37,229,455","24,501",0,0,0,0,4
2019-12-31,"37,229,455","24,501",0,0,0,0,4
2019-12-24,"37,229,050","24,907",0,0,0,0,4
2019-12-17,"37,229,050","24,907",0,0,0,0,4
2019-12-10,"37,229,050","24,907",0,0,0,0,4
2019-12-03,"8,945,937","28,308,020",863,0,0,0,85
2019-11-26,"2,597,865","34,656,091","594,804",925,0,0,94
2019-11-19,"458,254","36,795,703","627,960",925,0,0,85
2019-11-12,"460,053","36,793,904","627,921",925,0,0,85
2019-11-05,"35,468,280","1,785,676","383,657",628,0,0,20
2019-10-29,"35,468,755","1,785,202","383,657",628,0,0,20
2019-10-22,"35,468,755","1,785,202","383,657",628,0,0,20
2019-10-15,"35,769,688","1,484,268","383,657",628,0,0,17
2019-10-08,"36,327,695","926,261","383,642",628,0,0,7
2019-10-01,"36,327,678","926,278","383,657",628,0,0,7
2019-09-24,"30,410,642","6,843,314","383,657",628,0,0,12
2019-09-17,"30,409,378","6,844,578","383,657",628,0,0,12
2019-09-10,"30,626,144","6,627,812","300,222",998,0,0,10
2019-09-03,"30,599,836","6,654,121","300,222",0,0,0,10
2019-08-27,"30,626,144","6,627,812","300,222",0,0,0,10
2019-08-20,"30,921,228","6,332,729",0,0,0,0,7
2019-08-13,"31,194,604","6,059,353",0,0,0,0,6
2019-08-06,"31,548,564","5,705,392",0,0,0,0,4
2019-07-30,"31,550,112","5,703,844",0,0,0,0,4
2019-07-23,"31,550,112","5,703,844",0,0,0,0,4
2019-07-16,"31,550,112","5,703,844",0,0,0,0,4
2019-07-09,"31,550,112","5,703,844",0,0,0,0,4
2019-07-02,"31,550,173","5,703,783",0,0,0,0,4
2019-06-25,"31,550,112","5,703,844",0,0,0,0,4
2019-06-18,"31,550,112","5,703,844",0,0,0,0,4
2019-06-11,"31,550,112","5,703,844",0,0,0,0,4
2019-06-04,"31,550,112","5,703,844",0,0,0,0,4
2019-05-28,"31,447,872","5,806,084",0,0,0,0,6
2019-05-21,"31,447,809","5,806,148",0,0,0,0,6
2019-05-14,"31,447,809","5,806,148",0,0,0,0,6
2019-05-07,"31,447,872","5,806,084",0,0,0,0,6
2019-04-30,"31,447,872","5,806,084",0,0,0,0,6
2019-04-23,"31,447,872","5,806,084",0,0,0,0,6
2019-04-16,"31,447,872","5,806,084",0,0,0,0,6
2019-04-09,"31,447,872","5,806,084",0,0,0,0,6
2019-04-02,"31,441,487","5,812,469",0,0,0,0,7
2019-03-26,"31,441,487","5,812,469",0,0,0,0,7
2019-03-19,"31,441,487","5,812,469",0,0,0,0,7
2019-03-12,"31,441,506","5,812,451",0,0,0,0,7
2019-03-05,"30,942,072","6,311,885","6,516",0,0,0,11
2019-02-26,"30,913,665","6,340,291","22,705",0,0,0,15
2019-02-19,"26,889,710","10,364,247","198,197","15,074",0,0,38
2019-02-12,"12,791,038","24,462,918","4,699,578","18,055",0,0,75
2019-02-05,"9,874,536","27,379,420","4,699,578","21,244",0,0,78
2019-01-29,"7,344,120","29,909,836","19,544,476","21,244",0,0,102
2019-01-22,"560,497","36,693,460","29,505,840","34,921","7,927",0,169
2019-01-15,"560,497","36,693,460","29,861,703","1,106,937","7,927",0,174
2019-01-08,"560,490","36,693,467","29,861,697","13,268,398","876,976",0,183
2019-01-01,"560,497","36,693,460","29,861,703","13,268,391","1,051,659",0,184
2018-12-25,"560,497","36,693,460","29,861,700","15,487,236","1,051,659",0,186
2018-12-18,"560,497","36,693,460","29,861,700","15,509,217","1,051,659",0,186
2018-12-11,"560,497","36,693,460","29,861,700","15,509,217","1,051,659",0,186
2018-12-04,"560,497","36,693,460","34,617,033","15,787,100","1,317,760",0,194
2018-11-27,0,"37,253,956","35,938,034","15,787,091","1,317,760",0,206
2018-11-20,0,"37,253,956","35,710,021","15,801,130","1,317,760",0,200
2018-11-13,0,"37,253,956","23,823,962","15,795,204","274,027",0,174
2018-11-06,0,"37,253,956","23,631,803","15,795,204","274,027",0,173
2018-10-30,"3,023,545","34,230,412","23,462,128","16,578,154","430,693",0,155
2018-10-23,"3,023,545","34,230,412","23,462,128","16,578,154","430,693",0,155
2018-10-16,"3,023,545","34,230,412","23,462,128","18,444,763","452,734",0,158
2018-10-09,"3,023,545","34,230,412","23,462,128","18,444,763","1,134,618",0,160
2018-10-02,"2,682,764","34,571,193","23,462,990","18,497,696","1,134,325",0,164
2018-09-25,"2,682,764","34,571,193","23,462,990","18,497,696","1,135,017",0,164
2018-09-18,"2,682,764","34,571,193","23,462,990","18,497,696","1,135,017",0,164
2018-09-11,"2,682,764","34,571,193","23,462,990","18,497,696","1,135,017",0,164
2018-09-04,"2,695,503","34,558,453","23,458,925","18,504,045","425,801",0,159
2018-08-28,"2,695,503","34,558,453","23,458,925","18,474,538","425,801",0,158
2018-08-21,"2,695,503","34,558,453","23,456,891","18,473,105","425,801",0,157
2018-08-14,"2,710,914","34,543,043","23,456,891","18,473,105","425,801",0,157
2018-08-07,"2,710,865","34,543,092","23,388,506","18,473,008","425,771",0,155
2018-07-31,"2,710,889","34,543,067","23,384,463","18,473,057","425,786",0,155
2018-07-24,"2,683,617","34,570,340","23,392,523","18,473,057","425,786",0,154
2018-07-17,"2,690,824","34,563,132","23,383,298","18,473,057","425,786",0,153
2018-07-10,"2,690,824","34,563,132","23,379,544","18,473,057","425,786",0,153
2018-07-03,"2,690,800","34,563,156","23,387,037","18,473,008","425,771",0,153
2018-06-26,"2,713,783","34,540,173","23,387,042","18,473,057","425,786",0,153
2018-06-19,"8,754,349","28,499,607","22,972,945","18,473,057","425,786",0,130
2018-06-12,"8,775,557","28,478,399","22,972,958","18,473,105","425,801",0,130
2018-06-05,"8,775,557","28,478,399","22,974,067","18,473,105","425,025",0,130
2018-05-29,"8,777,091","28,476,866","22,974,067","18,473,105","425,025",0,130
2018-05-22,"8,777,091","28,476,866","22,974,067","18,473,105","425,025",0,130
2018-05-15,"8,774,940","28,479,016","22,986,538","18,543,739","432,294",0,130
2018-05-08,"9,014,937","28,239,019","22,977,505","12,637,838","432,279",0,120
2018-05-01,"8,941,928","28,312,028","22,977,519","12,637,834","432,294",0,120
2018-04-24,"8,941,997","28,311,960","22,977,505","12,602,102","402,368",0,119
2018-04-17,"8,941,928","28,312,028","22,977,519","12,602,098","391,267",0,119
2018-04-10,"8,939,023","28,314,933","22,977,519","12,602,098","391,267",0,119
2018-04-03,"7,350,074","29,903,882","23,790,241","11,867,059","391,255",0,133
2018-03-27,"7,350,074","29,903,882","23,764,917","11,842,386","391,255",0,133
2018-03-20,"5,153,659","32,100,297","24,169,753","15,345,828","468,842",0,159
2018-03-13,"5,153,659","32,100,297","24,169,753","15,345,828","468,842",0,159
2018-03-06,"883,118","36,370,838","24,205,833","15,362,644","468,842",0,162
2018-02-27,"883,097","36,370,860","24,205,852","14,943,762",0,0,159
2018-02-20,"875,436","36,378,520","24,205,833","14,943,839",0,0,159
2018-02-13,"9,431,677","27,822,279","24,121,331","14,943,762",0,0,147
2018-02-06,"9,500,688","27,753,268","24,113,939","12,377,622",0,0,134
2018-01-30,"11,281,219","25,972,737","24,029,770","8,346,639",0,0,122
2018-01-23,"12,400,468","24,853,489","13,752,459",0,0,0,67
2018-01-16,"13,621,103","23,632,854","13,752,459",0,0,0,59
2018-01-09,"13,626,993","23,626,964","13,752,459",0,0,0,59
2018-01-02,"13,650,508","23,603,448","13,752,459",0,0,0,57
2017-12-26,"13,650,508","23,603,448","13,752,459",0,0,0,57
2017-12-19,"13,650,508","23,603,448","13,752,459",0,0,0,57
2017-12-12,"13,650,517","23,603,440","12,979,805",0,0,0,54
2017-12-05,"14,692,538","22,561,419","12,979,807",0,0,0,45
2017-11-28,"15,363,254","21,890,702","10,293,096",0,0,0,39
2017-11-21,"16,683,836","20,570,120","10,293,096",0,0,0,34
2017-11-14,"16,683,836","20,570,120","10,293,096",0,0,0,34
2017-11-07,"17,475,611","19,778,345","10,293,096",0,0,0,30
2017-10-31,"17,475,611","19,778,345","10,293,096",0,0,0,30
2017-10-24,"17,475,611","19,778,345","10,293,096",0,0,0,30
2017-10-17,"17,470,942","19,783,014","10,293,142",0,0,0,30
2017-10-10,"17,470,942","19,783,014","10,293,142",0,0,0,30
2017-10-03,"17,470,940","19,783,016","10,293,096",0,0,0,30
2017-09-26,"17,470,940","19,783,016","10,293,096",0,0,0,30
2017-09-19,"17,470,939","19,783,018","10,293,049","138,386",0,0,30
2017-09-12,"17,470,939","19,783,018","10,293,049","138,386",0,0,30
2017-09-05,"17,470,939","19,783,018","10,293,049","138,386",0,0,30
2017-08-29,"17,470,939","19,783,018","10,293,049","138,386",0,0,30
2017-08-22,"17,470,939","19,783,018","10,293,049","138,386",0,0,30
2017-08-15,"17,467,702","19,786,254","10,293,049","138,386",0,0,30
2017-08-08,"17,467,734","19,786,222","10,293,049","200,860",0,0,31
2017-08-01,"17,467,734","19,786,222","10,293,049","200,860",0,0,31
2017-07-25,"17,395,547","19,858,409","10,293,049","200,860",0,0,34
2017-07-18,"17,390,581","19,863,375","10,293,049","200,860",0,0,34
2017-07-11,"17,464,596","19,789,360","10,293,049","200,860",0,0,33
2017-07-04,"17,464,596","19,789,360","10,293,049","200,860",0,0,33
2017-06-27,"17,466,900","19,787,056","10,293,096","200,859",0,0,33
2017-06-20,"17,466,900","19,787,056","10,293,096","200,859",0,0,33
2017-06-13,"17,466,900","19,787,056","10,293,096","200,859",0,0,33
2017-06-06,"17,466,902","19,787,054","10,293,142","200,857",0,0,33
2017-05-30,"17,466,902","19,787,054","10,293,142","200,857",0,0,33
2017-05-23,"17,466,902","19,787,054","10,293,142","200,857",0,0,33
2017-05-16,"17,466,900","19,787,056","10,293,096","200,859",0,0,33
2017-05-09,"17,466,900","19,787,056","10,293,096","200,859",0,0,33
2017-05-02,"17,466,900","19,787,056","10,293,096","200,859",0,0,33
2017-04-25,"17,485,474","19,768,482","10,293,096","200,859",0,0,33
2017-04-18,"17,485,476","19,768,481","10,293,142","200,857",0,0,33
2017-04-11,"17,485,476","19,768,481","10,293,142","200,857",0,0,33
2017-04-04,"17,485,474","19,768,482","10,293,096","200,859",0,0,33
2017-03-28,"17,485,476","19,768,481","10,293,142","200,857",0,0,33
2017-03-21,"17,485,476","19,768,481","10,293,142","200,857",0,0,33
2017-03-14,"17,485,476","19,768,481","10,293,142","200,857",0,0,33
2017-03-07,"17,485,463","19,768,493","10,293,142","381,847",0,0,33
2017-02-28,"16,586,344","20,667,612","10,537,112","1,969,014",0,0,38
2017-02-21,"14,053,703","23,200,254","14,947,628","1,786,313",0,0,59
2017-02-14,"11,412,827","25,841,129","20,390,582","4,984,421","489,267",0,88
2017-02-07,"10,389,450","26,864,506","24,542,728","5,570,994","489,267",0,117
2017-01-31,"10,335,286","26,918,671","24,838,125","17,982,474","2,773,624",0,134
2017-01-24,"10,257,900","26,996,056","24,945,349","19,144,146","2,845,098",0,141
2017-01-17,"5,918,106","31,335,851","26,055,324","23,649,659","18,825,188","2,822,292",193
2017-01-10,"5,864,372","31,389,585","26,085,983","23,864,532","19,412,411","2,822,292",203
2017-01-03,"2,630,940","34,623,017","31,917,046","28,289,654","20,973,428","9,231,255",260
2016-12-27,"2,535,681","34,718,275","32,363,034","29,294,189","21,311,421","9,231,255",268
2016-12-20,"2,439,883","34,814,073","32,581,037","29,748,758","21,734,879","14,110,750",275
2016-12-13,"419,781","36,834,176","33,192,688","30,704,503","23,627,823","14,190,387",285
2016-12-06,"416,805","36,837,151","33,192,688","30,704,503","23,627,823","14,190,387",285
2016-11-29,"416,805","36,837,151","33,192,688","30,704,503","23,627,823","14,190,387",285
2016-11-22,"416,805","36,837,151","33,192,688","30,704,503","23,627,823","14,190,387",285
2016-11-15,"416,805","36,837,151","33,192,688","30,704,503","23,627,823","14,190,387",285
2016-11-08,"416,805","36,837,151","33,192,688","30,704,503","23,627,823","14,190,387",285
2016-11-01,"416,805","36,837,151","33,212,974","30,736,964","23,627,823","14,190,387",288
2016-10-25,"268,530","36,985,427","33,749,173","30,766,608","23,627,823","14,190,387",298
2016-10-18,"253,721","37,000,235","33,749,173","30,766,608","23,627,823","14,190,387",299
2016-10-11,0,"37,253,956","33,774,895","30,865,803","23,627,823","14,190,387",310
2016-10-04,0,"37,253,956","33,774,895","30,865,803","23,627,823","14,190,387",310
2016-09-27,0,"37,253,956","33,774,895","30,865,803","23,627,823","14,190,387",310
2016-09-20,0,"37,253,956","33,774,895","30,865,803","23,627,823","14,190,387",310
2016-09-13,0,"37,253,956","33,774,895","30,865,803","23,627,823","14,190,387",310
2016-09-06,0,"37,253,956","33,774,895","29,894,463","23,627,823","14,190,387",306
2016-08-30,0,"37,253,956","33,774,895","29,894,463","23,627,823","14,190,387",306
2016-08-23,0,"37,253,956","33,774,895","29,894,463","23,627,823","14,190,387",306
2016-08-16,0,"37,253,956","33,774,895","29,894,463","23,627,823","14,190,387",306
2016-08-09,0,"37,253,956","33,774,895","29,894,463","23,627,823","14,190,387",306
2016-08-02,0,"37,253,956","33,774,895","29,894,463","23,627,823","14,190,387",306
2016-07-26,0,"37,253,956","33,774,895","29,894,463","23,627,823","14,190,387",306
2016-07-19,0,"37,253,956","33,774,895","29,894,463","23,627,823","14,190,387",306
2016-07-12,0,"37,253,956","33,774,895","29,894,463","23,627,823","14,190,387",306
2016-07-05,0,"37,253,956","33,774,895","29,894,463","23,627,823","14,190,387",306
2016-06-28,0,"37,253,956","33,774,895","29,894,463","23,627,823","14,190,387",306
2016-06-21,0,"37,253,956","33,774,895","29,894,463","23,627,823","14,190,387",306
2016-06-14,0,"37,253,956","33,774,895","29,894,463","23,627,823","14,190,387",306
2016-06-07,"162,715","37,091,241","33,779,127","29,894,463","23,628,448","14,190,387",303
2016-05-31,"194,669","37,059,288","33,779,127","29,894,463","23,628,448","14,190,387",301
2016-05-24,"183,624","37,070,332","34,065,280","30,034,327","23,628,448","14,190,387",306
2016-05-17,"183,624","37,070,332","34,065,280","30,067,551","23,628,448","14,190,387",308
2016-05-10,"170,281","37,083,675","34,221,649","31,350,597","25,772,001","14,190,387",327
2016-05-03,"170,281","37,083,675","34,221,649","31,601,950","25,969,844","14,190,387",330
2016-04-26,"169,146","37,084,810","34,225,584","31,601,950","25,969,844","14,190,387",330
2016-04-19,"169,146","37,084,810","34,225,584","31,601,950","25,969,844","14,190,387",330
2016-04-12,"160,987","37,092,970","34,231,038","31,601,950","26,793,576","17,519,696",348
2016-04-05,"160,987","37,092,970","34,231,038","31,601,950","26,793,576","17,519,696",348
2016-03-29,"160,987","37,092,970","34,231,038","31,367,190","26,793,576","19,227,395",350
2016-03-22,"52,030","37,201,926","34,241,663","31,368,373","26,801,839","19,227,395",353
2016-03-15,"18,938","37,235,018","34,275,752","31,399,436","26,801,839","19,227,395",357
2016-03-08,"18,938","37,235,018","37,131,761","34,769,376","29,083,772","19,602,690",380
2016-03-01,"18,938","37,235,018","36,599,041","34,738,346","29,083,772","19,602,690",377
2016-02-23,"18,938","37,235,018","36,440,933","34,658,034","29,083,772","19,602,690",375
2016-02-16,"13,068","37,240,888","36,445,912","34,658,034","29,087,543","19,602,690",376
2016-02-09,"9,641","37,244,316","36,447,269","34,658,034","29,087,543","19,602,690",376
2016-02-02,0,"37,253,956","36,474,135","35,242,466","29,100,356","19,613,633",385
2016-01-26,0,"37,253,956","36,477,735","35,242,452","29,170,929","19,897,895",386
2016-01-19,0,"37,253,956","36,653,312","35,242,452","30,812,311","20,154,890",394
2016-01-12,0,"37,253,956","36,660,305","35,398,756","30,816,050","20,154,890",397
2016-01-05,0,"37,253,956","36,660,305","35,398,756","30,816,050","20,199,113",399
2015-12-29,0,"37,253,956","36,660,305","35,398,756","30,816,050","20,199,113",399
2015-12-22,0,"37,253,956","36,660,305","35,537,208","30,816,269","20,199,113",402
2015-12-15,"22,548","37,231,408","36,660,391","35,537,247","30,816,269","20,199,113",402
2015-12-08,"22,548","37,231,408","36,660,391","35,611,644","30,816,269","20,199,113",403
2015-12-01,"22,548","37,231,408","36,660,391","35,611,644","30,891,330","20,199,113",405
2015-11-24,"22,548","37,231,408","36,660,391","35,611,644","30,891,330","20,199,113",405
2015-11-17,"22,548","37,231,408","36,660,391","35,611,644","30,891,330","20,199,113",405
2015-11-10,"22,548","37,231,408","36,660,391","35,612,987","30,891,330","20,199,113",405
2015-11-03,"22,548","37,231,408","36,660,391","35,612,987","30,891,330","20,199,113",405
2015-10-27,"22,550","37,231,406","36,660,391","35,612,987","30,892,826","20,206,633",407
2015-10-20,"22,552","37,231,404","36,660,391","35,612,987","30,892,826","20,206,633",407
2015-10-13,"22,554","37,231,402","36,660,391","35,627,523","30,892,826","20,206,633",407
2015-10-06,"22,556","37,231,400","36,660,391","35,627,523","30,892,826","20,206,633",407
2015-09-29,"22,556","37,231,400","36,660,376","35,627,523","30,892,826","20,206,633",407
2015-09-22,"22,556","37,231,400","36,660,376","35,627,523","30,892,820","20,206,633",407
2015-09-15,"22,556","37,231,400","36,660,376","35,627,523","30,892,820","20,206,633",407
2015-09-08,"22,556","37,231,400","36,664,523","35,627,523","30,892,820","20,206,633",407
2015-09-01,"22,556","37,231,400","36,664,523","35,627,523","30,892,820","20,206,633",407
2015-08-25,"22,556","37,231,400","36,664,523","35,627,523","30,892,820","20,206,633",407
2015-08-18,"22,556","37,231,400","36,664,523","35,627,523","30,892,820","20,206,633",407
2015-08-11,"22,556","37,231,400","36,664,523","35,627,523","30,892,820","20,206,633",407
2015-08-04,"22,556","37,231,400","36,664,523","36,128,219","30,892,820","20,206,633",409
2015-07-28,"22,556","37,231,400","36,664,523","36,128,219","30,892,820","20,206,633",409
2015-07-21,"22,556","37,231,400","36,664,523","36,128,219","30,892,820","20,206,633",409
2015-07-14,"22,556","37,231,400","37,034,024","36,128,219","30,892,820","20,206,633",410
2015-07-07,"22,556","37,231,400","37,034,024","36,128,219","30,892,820","20,209,287",411
2015-06-30,"22,556","37,231,400","37,034,024","36,129,118","30,892,820","20,209,287",411
2015-06-23,"22,556","37,231,400","37,034,024","36,129,118","30,892,820","20,209,287",411
2015-06-16,"22,556","37,231,400","37,034,024","36,129,118","30,892,820","20,209,287",411
2015-06-09,"22,556","37,231,400","37,034,024","36,100,435","30,892,820","20,209,287",410
2015-06-02,"22,556","37,231,400","37,034,024","36,100,435","30,817,763","20,209,287",409
2015-05-26,"22,556","37,231,400","37,034,024","36,100,435","30,330,738","20,209,287",406
2015-05-19,"22,556","37,231,400","37,014,845","36,100,435","30,330,738","20,209,415",405
2015-05-12,"22,556","37,231,400","37,014,845","36,100,435","30,330,738","20,209,415",405
2015-05-05,"22,556","37,231,400","37,014,845","36,100,435","30,330,738","20,209,415",405
2015-04-28,"22,556","37,231,400","37,007,920","36,092,248","30,330,738","20,209,415",405
2015-04-21,"22,556","37,231,400","37,007,920","36,092,248","30,330,738","20,209,415",405
2015-04-14,"22,556","37,231,400","37,007,920","36,092,248","30,330,738","19,880,286",402
2015-04-07,"23,535","37,230,422","37,007,920","36,092,248","30,330,738","19,880,286",402
2015-03-31,"23,535","37,230,422","37,007,920","36,092,248","30,330,738","19,863,100",399
2015-03-24,"23,535","37,230,422","37,007,920","36,092,248","30,330,738","19,863,100",399
2015-03-17,"25,105","37,228,852","37,007,920","36,092,248","30,335,704","19,724,199",399
2015-03-10,"25,105","37,228,852","37,007,920","36,092,248","30,335,704","19,724,199",399
2015-03-03,"25,105","37,228,852","37,003,596","36,092,248","30,335,704","19,724,199",399
2015-02-24,"25,105","37,228,852","37,003,596","36,092,248","30,335,704","19,724,199",399
2015-02-17,"25,105","37,228,852","37,003,596","36,092,248","30,335,704","19,895,391",400
2015-02-10,"25,105","37,228,852","37,003,596","36,092,248","30,335,704","19,888,947",399
2015-02-03,"25,159","37,228,797","37,004,730","36,088,842","31,472,301","19,889,050",409
2015-01-27,0,"37,253,956","37,004,730","36,211,329","31,490,201","19,889,050",410
2015-01-20,0,"37,253,956","37,004,730","36,211,329","31,490,201","19,882,989",409
2015-01-13,0,"37,253,956","37,004,276","36,211,329","31,490,201","19,882,989",409
2015-01-06,0,"37,253,956","37,004,276","36,211,329","32,634,199","17,944,050",403
2014-12-30,0,"37,253,956","37,004,276","36,211,329","32,634,199","17,944,050",403
2014-12-23,0,"37,253,956","37,016,871","36,212,325","32,634,199","17,944,050",403
2014-12-16,0,"37,253,956","37,016,871","36,212,325","32,634,199","17,944,050",403
2014-12-09,0,"37,253,956","37,241,333","36,212,325","33,708,941","27,103,380",429
2014-12-02,0,"37,253,956","37,241,333","36,212,325","33,708,941","27,103,380",429
2014-11-25,0,"37,253,956","37,241,333","36,212,325","33,708,941","27,103,380",429
2014-11-18,0,"37,253,956","37,241,333","36,212,325","33,708,941","27,103,380",429
2014-11-11,0,"37,253,956","37,241,333","36,212,325","33,708,941","27,103,380",429
2014-11-04,0,"37,253,956","37,240,918","36,212,325","33,708,941","27,103,380",429
2014-10-28,0,"37,253,956","37,253,956","36,234,789","33,739,484","27,214,271",435
2014-10-21,0,"37,253,956","37,253,956","36,234,789","33,739,484","27,214,271",435
2014-10-14,0,"37,253,956","37,253,956","36,234,789","33,739,484","27,214,271",435
2014-10-07,0,"37,253,956","37,253,956","36,234,789","33,739,484","27,214,271",435
2014-09-30,0,"37,253,956","37,253,956","36,234,789","33,739,484","27,214,271",435
2014-09-23,0,"37,253,956","37,253,956","36,248,020","33,739,484","27,214,578",436
2014-09-16,0,"37,253,956","37,253,956","36,260,042","33,739,484","27,214,578",436
2014-09-09,0,"37,253,956","37,253,956","36,260,042","33,739,484","27,214,578",436
2014-09-02,0,"37,253,956","37,253,956","36,260,042","33,739,484","27,214,578",436
2014-08-26,0,"37,253,956","37,253,956","36,260,042","33,739,484","27,214,578",436
2014-08-19,0,"37,253,956","37,253,956","36,789,551","33,739,484","27,214,578",438
2014-08-12,0,"37,253,956","37,253,956","37,220,170","33,739,514","27,214,578",440
2014-08-05,0,"37,253,956","37,253,956","37,220,170","33,739,514","27,214,578",440
2014-07-29,0,"37,253,956","37,253,956","37,253,956","33,739,417","27,214,578",440
2014-07-22,0,"37,253,956","37,253,956","37,253,956","33,739,417","22,640,258",418
2014-07-15,0,"37,253,956","37,253,956","37,253,956","33,738,894","22,640,258",418
2014-07-08,0,"37,253,956","37,253,956","37,253,956","31,942,419","22,489,468",415
2014-07-01,0,"37,253,956","37,253,956","37,253,956","31,942,419","22,489,468",415
2014-06-24,0,"37,253,956","37,253,956","37,253,956","31,918,864","11,469,114",410
2014-06-17,0,"37,253,956","37,253,956","37,253,956","31,918,864","11,469,114",410
2014-06-10,0,"37,253,956","37,253,956","37,251,224","31,918,366","10,458,696",401
2014-06-03,0,"37,253,956","37,253,956","37,251,224","31,918,366","10,458,696",401
2014-05-27,0,"37,253,956","37,253,956","37,251,224","31,918,366","10,458,696",401
2014-05-20,0,"37,253,956","37,253,956","37,251,224","31,918,366","10,458,696",401
2014-05-13,0,"37,253,956","37,253,956","37,251,224","31,918,366","10,458,696",401
2014-05-06,0,"37,253,956","37,253,956","36,477,121","31,918,366","10,458,696",397
2014-04-29,0,"37,253,956","37,253,956","36,490,096","31,918,366","10,458,696",397
2014-04-22,0,"37,253,956","37,253,956","36,490,096","31,918,366","10,458,696",397
2014-04-15,0,"37,253,956","37,241,893","36,459,606","31,429,129","8,337,037",387
2014-04-08,0,"37,253,956","37,242,111","36,459,606","31,429,129","8,337,037",387
2014-04-01,0,"37,253,956","37,242,111","36,459,606","31,429,129","8,337,037",387
2014-03-25,0,"37,253,956","37,241,911","36,459,719","31,799,561","8,326,830",390
2014-03-18,315,"37,253,641","37,241,501","36,173,302","31,799,561","7,816,860",387
2014-03-11,351,"37,253,605","36,339,977","35,471,376","29,896,260","7,816,860",374
2014-03-04,274,"37,253,683","36,339,977","35,471,678","29,896,260","7,816,860",374
2014-02-25,274,"37,253,683","36,339,977","35,471,678","32,345,471","9,081,452",385
2014-02-18,274,"37,253,683","36,337,870","35,471,678","31,578,421","3,841,099",368
2014-02-11,"307,852","36,946,104","36,337,870","35,495,465","24,195,623","2,032,679",355
2014-02-04,"307,852","36,946,104","36,300,327","34,207,739","25,627,899","2,032,679",360
2014-01-28,"307,852","36,946,104","36,300,327","34,207,739","25,627,899","1,895,634",359
2014-01-21,"307,852","36,946,104","36,300,327","34,207,739","25,471,357",0,345
2014-01-14,"307,852","36,946,104","36,300,327","34,207,739","25,471,357",0,345
2014-01-07,"307,852","36,946,104","36,305,382","33,124,377","6,882,445",0,308
2013-12-31,"496,555","36,757,401","36,305,382","33,124,377","6,882,445",0,307
2013-12-24,"496,555","36,757,401","36,305,382","33,017,879","6,882,445",0,304
2013-12-17,"496,555","36,757,401","36,305,382","32,950,816","6,882,445",0,302
2013-12-10,"496,555","36,757,401","36,301,198","32,950,816","6,882,445",0,302
2013-12-03,"496,555","36,757,401","36,301,198","32,950,816","6,882,445",0,302
2013-11-26,"496,555","36,757,401","36,301,198","32,950,816","6,882,445",0,302
2013-11-19,"496,555","36,757,401","36,456,579","33,783,330","6,882,445",0,305
2013-11-12,"496,555","36,757,401","36,456,579","33,783,330","2,546,738",0,289
2013-11-05,"499,075","36,754,882","36,453,220","33,783,330","2,546,738",0,289
2013-10-29,"507,314","36,746,642","36,453,220","33,783,330","2,546,738",0,289
2013-10-22,"507,314","36,746,642","36,453,220","33,783,330","2,546,738",0,289
2013-10-15,"507,196","36,746,760","36,445,213","33,783,330","2,546,738",0,289
2013-10-08,"474,831","36,779,126","36,445,578","33,783,330","2,546,738",0,289
2013-10-01,"500,002","36,753,954","36,445,578","33,783,330","2,546,738",0,289
2013-09-24,"500,002","36,753,954","36,449,233","33,979,243","2,546,738",0,295
2013-09-17,"500,002","36,753,954","36,449,233","33,979,243","2,546,738",0,295
2013-09-10,0,"37,253,956","36,672,482","33,737,871","2,546,738",0,301
2013-09-03,0,"37,253,956","36,672,482","33,737,871","2,546,738",0,301
2013-08-27,0,"37,253,956","36,817,516","33,885,065","2,546,738",0,303
2013-08-20,0,"37,253,956","36,817,516","33,885,065","2,546,738",0,303
2013-08-13,0,"37,253,956","36,817,516","33,885,065","2,546,738",0,303
2013-08-06,0,"37,253,956","36,817,516","33,885,065",0,0,292
2013-07-30,0,"37,253,956","36,817,516","33,885,065",0,0,292
2013-07-23,0,"37,253,956","36,817,585","33,896,859",0,0,292
2013-07-16,0,"37,253,956","36,817,585","33,896,859",0,0,292
2013-07-09,0,"37,253,956","36,817,585","33,783,997",0,0,291
2013-07-02,0,"37,253,956","36,817,585","33,783,997",0,0,291
2013-06-25,0,"37,253,956","36,812,690","33,818,758",0,0,291
2013-06-18,0,"37,253,956","36,812,690","22,405,739",0,0,265
2013-06-11,0,"37,253,956","36,810,431","22,084,316",0,0,252
2013-06-04,0,"37,253,956","36,811,080","22,131,756",0,0,252
2013-05-28,0,"37,253,956","36,811,080","10,117,937",0,0,244
2013-05-21,0,"37,253,956","36,811,080","10,117,937",0,0,244
2013-05-14,0,"37,253,956","36,811,080","10,117,937",0,0,244
2013-05-07,0,"37,253,956","36,811,080","10,117,937",0,0,244
2013-04-30,0,"37,253,956","25,013,941","7,176,063",0,0,197
2013-04-23,"139,908","37,114,048","24,297,214","6,629,687",0,0,191
2013-04-16,"139,719","37,114,237","8,911,742","3,428,849",0,0,169
2013-04-09,"139,719","37,114,237","8,911,742","3,428,849",0,0,169
2013-04-02,0,"37,253,956","8,910,660","3,434,124",0,0,173
2013-03-26,0,"37,253,956","8,910,660","3,434,124",0,0,173
2013-03-19,"1,153,582","36,100,375","8,910,660","3,432,287",0,0,160
2013-03-12,"1,226,909","36,027,047","8,776,295","3,432,287",0,0,155
2013-03-05,"60,802","37,193,154","9,246,764","3,977,938",0,0,174
2013-02-26,"45,123","37,208,834","9,015,526","3,977,938",0,0,174
2013-02-19,"3,927,172","33,326,785","9,038,278","3,287,632",0,0,155
2013-02-12,"11,603,857","25,650,099","9,038,278","3,287,632",0,0,136
2013-02-05,"11,602,752","25,651,204","9,038,278","2,843,194",0,0,135
2013-01-29,"11,602,752","25,651,204","9,038,278","2,843,194",0,0,135
2013-01-22,"11,602,752","25,651,204","18,176,682","2,843,194",0,0,141
2013-01-15,"11,602,752","25,651,204","18,176,682","2,843,194",0,0,141
2013-01-08,"9,898,670","27,355,287","18,649,018","2,741,776",0,0,144
2013-01-01,"9,852,555","27,401,401","18,709,081","2,751,088",0,0,146
2012-12-25,"9,838,638","27,415,318","18,719,280","2,774,558",345,0,151
2012-12-18,"9,838,638","27,415,318","18,719,280","2,921,964",345,0,151
2012-12-11,"9,838,638","27,415,318","19,100,758","2,996,067",345,0,154
2012-12-04,"3,582,194","33,671,763","20,215,577","2,996,067",345,0,163
2012-11-27,"385,969","36,867,987","27,131,508","3,056,018","7,967",0,193
2012-11-20,"238,483","37,015,473","19,704,426","1,443,323","7,967",0,186
2012-11-13,"3,970,319","33,283,637","17,616,892","1,400,370","7,967",0,179
2012-11-06,"3,970,319","33,283,637","17,670,692","1,400,370","7,967",0,181
2012-10-30,"3,963,910","33,290,047","17,694,012","1,400,370","7,967",0,182
2012-10-23,"4,021,731","33,232,226","17,694,012","1,400,370","7,967",0,182
2012-10-16,"4,017,551","33,236,405","17,693,916","1,400,370","7,967",0,182
2012-10-09,"4,043,558","33,210,398","17,938,421","1,680,075","7,967",0,186
2012-10-02,"4,503,424","32,750,532","17,457,381","1,680,075","7,967",0,181
2012-09-25,"4,503,472","32,750,485","17,457,381","1,703,229","7,967",0,181
2012-09-18,"4,503,472","32,750,485","16,849,421","1,703,229","7,967",0,181
2012-09-11,"4,360,425","32,893,531","16,886,836","1,714,116","7,967",0,181
2012-09-04,"4,360,425","32,893,531","16,959,767","1,754,904","7,967",0,181
2012-08-28,"4,397,940","32,856,016","17,036,595","1,738,721","7,967",0,182
2012-08-21,"4,241,828","33,012,129","16,907,490","1,775,586","2,074",0,181
2012-08-14,"4,241,473","33,012,483","15,910,549","1,963,381","2,074",0,176
2012-08-07,"4,292,058","32,961,898","15,906,259","1,963,381","2,074",0,176
2012-07-31,"4,292,058","32,961,898","15,906,259","1,986,472","2,074",0,176
2012-07-24,"4,292,058","32,961,898","15,906,259","2,492,406","2,074",0,179
2012-07-17,"4,898,084","32,355,873","15,288,873","1,976,525",0,0,167
2012-07-10,"4,898,084","32,355,873","15,288,873","1,976,525",0,0,167
2012-07-03,"4,898,084","32,355,873","15,290,767","1,976,525",0,0,167
2012-06-26,"4,809,491","32,444,465","15,467,684","1,959,198",0,0,166
2012-06-19,"4,809,491","32,444,465","15,467,684","1,958,028",0,0,166
2012-06-12,"4,809,491","32,444,465","15,396,528","1,958,028",0,0,166
2012-06-05,"4,809,489","32,444,468","15,396,528","1,958,028",0,0,166
2012-05-29,"4,809,489","32,444,468","15,396,528","1,958,028",0,0,166
2012-05-22,"4,809,489","32,444,468","15,396,528","1,958,028",0,0,166
2012-05-15,"4,809,489","32,444,468","15,396,528","1,958,028",0,0,166
2012-05-08,"4,809,489","32,444,468","15,396,528","1,953,011",0,0,164
2012-05-01,"4,785,319","32,468,638","15,421,883","1,953,011",0,0,164
2012-04-24,"4,785,319","32,468,638","15,915,397","2,269,133",0,0,167
2012-04-17,"4,785,319","32,468,638","15,915,397","3,654,657",0,0,171
2012-04-10,"189,970","37,063,987","32,613,675","11,641,487",0,0,226
2012-04-03,"159,391","37,094,565","32,340,479","11,197,121",0,0,225
2012-03-27,"84,556","37,169,401","33,113,396","11,197,121",0,0,234
2012-03-20,"84,496","37,169,461","33,113,396","10,864,223",0,0,228
2012-03-13,"4,939","37,249,017","33,092,090","13,839,514",0,0,236
2012-03-06,"3,143,787","34,110,170","17,587,020","857,367",0,0,187
2012-02-28,"3,143,787","34,110,170","17,483,170","857,367",0,0,184
2012-02-21,"3,149,975","34,103,981","17,357,903","89,947",0,0,168
2012-02-14,"8,137,485","29,116,471","15,859,313",0,0,0,149
2012-02-07,"8,137,485","29,116,471","15,859,313",0,0,0,149
2012-01-31,"8,266,542","28,987,414","15,625,755",0,0,0,146
2012-01-24,"18,865,004","18,388,953","13,045,307",0,0,0,122
2012-01-17,"19,043,777","18,210,179","13,542,524","361,284",0,0,131
2012-01-10,"19,105,926","18,148,031","13,542,524","361,284",0,0,130
2012-01-03,"20,409,450","16,844,507","13,542,524",0,0,0,116
2011-12-27,"20,850,986","16,402,970","57,648",0,0,0,71
2011-12-20,"34,073,792","3,180,164",0,0,0,0,28
2011-12-13,"34,002,360","3,251,597",0,0,0,0,26
2011-12-06,"34,701,300","2,552,657",0,0,0,0,17
2011-11-29,"34,755,960","2,497,996",0,0,0,0,12
2011-11-22,"34,756,331","2,497,626",0,0,0,0,12
2011-11-15,"34,756,331","2,497,626",0,0,0,0,12
2011-11-08,"34,753,843","2,500,113",0,0,0,0,11
2011-11-01,"34,756,445","2,497,512",0,0,0,0,11
2011-10-25,"34,769,833","2,484,124",0,0,0,0,11
2011-10-18,"34,769,833","2,484,124",0,0,0,0,11
2011-10-11,"34,769,833","2,484,124",0,0,0,0,11
2011-10-04,"34,769,833","2,484,124",0,0,0,0,11
2011-09-27,"34,740,694","2,513,262",0,0,0,0,11
2011-09-20,"34,740,694","2,513,262",0,0,0,0,11
2011-09-13,"34,540,159","2,713,798",0,0,0,0,13
2011-09-06,"34,580,625","2,673,332",0,0,0,0,12
2011-08-30,"35,244,103","2,009,853",0,0,0,0,8
2011-08-23,"35,240,274","2,013,683",0,0,0,0,8
2011-08-16,"35,240,274","2,013,683",0,0,0,0,8
2011-08-09,"34,606,791","2,647,165",0,0,0,0,15
2011-08-02,"34,606,791","2,647,165",0,0,0,0,15
2011-07-26,"34,606,791","2,647,165",0,0,0,0,15
2011-07-19,"34,606,791","2,647,165",0,0,0,0,15
2011-07-12,"35,012,339","2,241,617",0,0,0,0,12
2011-07-05,"34,987,465","2,266,491",0,0,0,0,12
2011-06-28,"34,987,465","2,266,491",0,0,0,0,12
2011-06-21,"37,253,525",431,0,0,0,0,0
2011-06-14,"37,253,366",591,0,0,0,0,0
2011-06-07,"37,253,366",591,0,0,0,0,0
2011-05-31,"37,253,366",591,0,0,0,0,0
2011-05-24,"37,253,366",591,0,0,0,0,0
2011-05-17,"37,253,366",591,0,0,0,0,0
2011-05-10,"37,253,366",591,0,0,0,0,0
2011-05-03,"37,253,366",591,0,0,0,0,0
2011-04-26,"37,253,366",591,0,0,0,0,0
2011-04-19,"37,253,366",591,0,0,0,0,0
2011-04-12,"37,253,366",591,0,0,0,0,0
2011-04-05,"37,253,366",591,0,0,0,0,0
2011-03-29,"37,250,020","3,937",0,0,0,0,0
2011-03-22,"37,200,580","53,377",0,0,0,0,3
2011-03-15,"37,135,178","118,778",0,0,0,0,6
2011-03-08,"37,135,178","118,778",0,0,0,0,6
2011-03-01,"37,250,020","3,937",0,0,0,0,0
2011-02-22,"37,250,020","3,937",0,0,0,0,0
2011-02-15,"35,814,089","1,439,868",0,0,0,0,23
2011-02-08,"35,814,089","1,439,868",0,0,0,0,23
2011-02-01,"37,250,020","3,937",0,0,0,0,0
2011-01-25,"37,250,020","3,937",0,0,0,0,0
2011-01-18,"37,250,020","3,937",0,0,0,0,0
2011-01-11,"37,249,539","4,418",0,0,0,0,0
2011-01-04,"37,234,318","19,639",0,0,0,0,1
2010-12-28,"37,233,993","19,963",0,0,0,0,1
2010-12-21,"36,657,591","596,365",0,0,0,0,5
2010-12-14,"35,802,866","1,451,090","14,543",0,0,0,22
2010-12-07,"35,800,498","1,453,458","20,200",0,0,0,23
2010-11-30,"36,360,330","893,626","22,686",0,0,0,21
2010-11-23,"36,838,060","415,896","22,686",0,0,0,12
2010-11-16,"36,838,060","415,896","55,600","1,605",0,0,15
2010-11-09,"36,838,060","415,896","55,600","1,605",0,0,15
2010-11-02,"36,838,060","415,896","55,600","1,605",0,0,15
2010-10-26,"36,838,060","415,896","55,600","1,605",0,0,15
2010-10-19,"36,668,940","585,017","79,901","2,155",0,0,18
2010-10-12,"36,668,940","585,017","79,901","2,155",0,0,18
2010-10-05,"36,633,022","620,935","91,026","2,155",0,0,23
2010-09-28,"36,633,022","620,935","91,026","2,155",0,0,23
2010-09-21,"36,633,022","620,935","91,026","2,155",0,0,23
2010-09-14,"36,633,022","620,935","91,026","2,155",0,0,23
2010-09-07,"36,633,022","620,935","91,026","2,155",0,0,23
2010-08-31,"36,633,022","620,935","91,026","2,155",0,0,23
2010-08-24,"36,633,022","620,935","91,026","2,155",0,0,23
2010-08-17,"36,633,022","620,935","91,026","2,155",0,0,23
2010-08-10,"36,633,022","620,935","91,026","2,155",0,0,23
2010-08-03,"36,633,022","620,935","91,026","2,155",0,0,23
2010-07-27,"36,974,895","279,062","91,026","2,155",0,0,21
2010-07-20,"37,020,434","233,523","91,026","2,155",0,0,21
2010-07-13,"37,058,248","195,708","91,026","2,155",0,0,20
2010-07-06,"37,058,248","195,708","91,026","2,155",0,0,20
2010-06-29,"37,058,248","195,708","91,026","2,155",0,0,20
2010-06-22,"37,058,248","195,708","91,026","2,155",0,0,20
2010-06-15,"37,058,248","195,708","91,026","2,155",0,0,20
2010-06-08,"37,058,248","195,708","91,026","48,543",0,0,26
2010-06-01,"37,030,257","223,699","91,026","48,543",0,0,27
2010-05-25,"37,030,257","223,699","91,026","48,543",0,0,27
2010-05-18,"36,547,878","706,079","108,314","76,922",0,0,34
2010-05-11,"35,225,571","2,028,385","114,455","78,380",0,0,44
2010-05-04,"35,232,258","2,021,699","122,992","78,458",0,0,44
2010-04-27,"35,232,258","2,021,699","122,992","78,458",0,0,44
2010-04-20,"32,027,142","5,226,814","122,992","78,458",0,0,49
2010-04-13,"32,021,623","5,232,333","122,992","78,458",0,0,49
2010-04-06,"31,089,139","6,164,818","122,992","78,458",0,0,54
2010-03-30,"31,094,903","6,159,053","123,256","78,458",0,0,54
2010-03-23,"31,108,090","6,145,866","123,256","78,458",0,0,53
2010-03-16,"31,321,662","5,932,295","132,098","67,914",0,0,51
2010-03-09,"31,264,377","5,989,579","157,847","58,154",0,0,50
2010-03-02,"30,143,155","7,110,801","152,550","36,395",0,0,50
2010-02-23,"30,143,155","7,110,801","152,550","36,395",0,0,50
2010-02-16,"30,030,861","7,223,095","183,298","36,395",0,0,51
2010-02-09,"18,628,043","18,625,913","183,298","26,361",0,0,69
2010-02-02,"18,335,537","18,918,420","1,285,567","26,361",0,0,78
2010-01-26,"18,136,397","19,117,560","1,315,927","26,361",0,0,79
2010-01-19,"516,051","36,737,906","23,446,999","1,571,219",0,0,169
2010-01-12,"440,745","36,813,211","28,465,439","8,912,424",0,0,188
2010-01-05,"440,745","36,813,211","28,439,443","7,024,523",0,0,175
2009-12-29,"440,745","36,813,211","28,429,539","7,031,200",0,0,175
2009-12-22,"440,745","36,813,211","28,429,539","7,031,200",0,0,175
2009-12-15,"440,745","36,813,211","28,429,539","7,031,200",0,0,175
2009-12-08,"495,160","36,758,796","30,066,265","13,530,625",0,0,184
2009-12-01,"495,160","36,758,796","30,066,265","13,530,625",0,0,184
2009-11-24,"506,977","36,746,980","29,964,124","13,530,625",0,0,182
2009-11-17,"467,826","36,786,130","30,054,554","13,335,126",0,0,187
2009-11-10,"467,826","36,786,130","30,054,554","13,335,126",0,0,187
2009-11-03,"467,826","36,786,130","30,011,385","13,335,126",0,0,187
2009-10-27,"566,665","36,687,292","27,393,484","13,335,126",0,0,171
2009-10-20,"920,589","36,333,367","27,283,729","13,335,126",0,0,168
2009-10-13,0,"37,253,956","33,952,142","26,524,698",0,0,219
2009-10-06,0,"37,253,956","33,952,142","26,524,698",0,0,219
2009-09-29,0,"37,253,956","33,952,142","26,524,698",0,0,219
2009-09-22,0,"37,253,956","33,952,142","26,524,698",0,0,219
2009-09-15,0,"37,253,956","33,952,142","26,524,698",0,0,219
2009-09-08,0,"37,253,956","33,952,142","26,524,698",0,0,219
2009-09-01,0,"37,253,956","33,952,142","26,524,698",0,0,219
2009-08-25,959,"37,252,998","33,928,186","26,456,450",0,0,216
2009-08-18,976,"37,252,980","33,928,186","26,456,450",0,0,216
2009-08-11,"33,896","37,220,061","33,928,186","26,456,450",0,0,215
2009-08-04,"33,603","37,220,353","33,928,186","26,463,424",0,0,216
2009-07-28,"323,876","36,930,080","33,928,186","26,463,424",0,0,215
2009-07-21,"323,876","36,930,080","33,928,186","26,463,424",0,0,215
2009-07-14,"323,876","36,930,080","33,928,186","26,463,424",0,0,215
2009-07-07,"323,876","36,930,080","33,928,186","26,463,424",0,0,215
2009-06-30,"335,344","36,918,612","33,918,606","26,463,424",0,0,213
2009-06-23,"335,344","36,918,612","33,918,606","26,463,424",0,0,213
2009-06-16,"324,667","36,929,289","33,918,626","26,463,424",0,0,213
2009-06-09,"302,990","36,950,967","33,916,088","26,463,428",0,0,214
2009-06-02,"302,990","36,950,967","34,006,298","26,463,408",0,0,214
2009-05-26,"503,006","36,750,950","33,965,911","10,351,563",0,0,204
2009-05-19,"503,006","36,750,950","33,965,911","10,351,563",0,0,204
2009-05-12,"511,026","36,742,930","33,965,911","10,351,563",0,0,204
2009-05-05,"511,026","36,742,930","33,965,911","10,351,563",0,0,204
2009-04-28,"511,026","36,742,930","34,188,430","10,436,799",0,0,208
2009-04-21,"511,026","36,742,930","34,188,430","10,436,799",0,0,208
2009-04-14,"915,230","36,338,726","22,769,849","8,628,724",0,0,193
2009-04-07,"915,230","36,338,726","22,769,849","8,628,724",0,0,193
2009-03-31,"915,230","36,338,726","19,145,504","2,563,276",0,0,181
2009-03-24,"915,230","36,338,726","19,145,504","2,563,276",0,0,181
2009-03-17,"915,230","36,338,726","19,145,504","2,563,899",0,0,181
2009-03-10,"915,230","36,338,726","18,905,516","2,563,899",0,0,180
2009-03-03,"915,230","36,338,726","30,481,264","12,566,889","113,068",0,212
2009-02-24,"915,230","36,338,726","30,481,264","14,261,715","1,636,282",0,230
2009-02-17,"915,230","36,338,726","30,481,264","14,288,146","1,820,786",0,232
2009-02-10,"38,074","37,215,882","34,185,712","17,993,841","2,077,412",0,252
2009-02-03,"29,730","37,224,227","36,155,274","17,993,841","2,083,478",0,262
2009-01-27,"49,203","37,204,753","36,119,957","13,444,368","1,761,803",0,252
2009-01-20,"79,430","37,174,527","36,119,957","13,444,368","1,324,865",0,248
2009-01-13,"79,430","37,174,527","36,119,957","12,684,354","29,608",0,233
2009-01-06,"79,430","37,174,527","36,119,957","12,090,595","29,608",0,231
2008-12-30,"79,219","37,174,737","36,119,957","13,355,401","29,608",0,232
2008-12-23,"10,667","37,243,290","36,140,466","13,355,401","29,608",0,235
2008-12-16,0,"37,253,956","37,101,360","18,027,027","175,413",0,251
2008-12-09,0,"37,253,956","35,577,633","17,981,888","31,534",0,240
2008-12-02,0,"37,253,956","35,554,057","17,190,390",0,0,227
2008-11-25,"152,111","37,101,845","35,554,862","17,190,390",0,0,223
2008-11-18,"152,111","37,101,845","35,554,862","17,190,390",0,0,223
2008-11-11,"152,111","37,101,845","35,554,862","17,190,390",0,0,223
2008-11-04,0,"37,253,956","35,732,942","17,195,487",0,0,231
2008-10-28,0,"37,253,956","37,109,530","20,346,152",0,0,249
2008-10-21,0,"37,253,956","37,115,008","20,330,503",0,0,249
2008-10-14,"7,212","37,246,745","37,121,082","19,986,873",0,0,251
2008-10-07,"7,025","37,246,932","37,116,916","20,020,400",0,0,251
2008-09-30,"7,025","37,246,932","37,119,912","20,023,206","276,248",0,253
2008-09-23,"7,025","37,246,932","37,121,505","20,023,206","276,248",0,253
2008-09-16,"7,025","37,246,932","37,119,912","15,052,139",0,0,245
2008-09-09,"6,837","37,247,120","37,118,617","15,052,139",0,0,245
2008-09-02,"6,837","37,247,120","37,195,464","14,972,091",0,0,243
2008-08-26,"6,837","37,247,120","37,166,729","14,953,646",0,0,241
2008-08-19,"6,837","37,247,120","37,117,333","14,853,119",0,0,238
2008-08-12,"6,714","37,247,242","34,728,650","14,727,515",0,0,228
2008-08-05,"8,965","37,244,992","34,730,243","14,727,515",0,0,228
2008-07-29,"8,965","37,244,992","34,727,696","14,727,515",0,0,228
2008-07-22,"11,357","37,242,599","34,725,649","5,534,509",0,0,205
2008-07-15,"2,393","37,251,564","34,771,530","5,542,247",0,0,207
2008-07-08,"164,992","37,088,965","34,771,530","5,542,247",0,0,207
2008-07-01,"164,992","37,088,965","34,771,530","5,542,247",0,0,207
2008-06-24,"164,992","37,088,965","34,771,530","5,542,247",0,0,207
2008-06-17,"170,786","37,083,170","34,771,530","5,542,247",0,0,207
2008-06-10,"254,005","36,999,952","21,181,311","1,060,719",0,0,168
2008-06-03,"255,819","36,998,137","21,181,311","1,060,719",0,0,168
2008-05-27,"441,873","36,812,084","10,532,901","1,060,719",0,0,148
2008-05-20,"388,694","36,865,263","10,661,890","1,060,719",0,0,150
2008-05-13,"388,694","36,865,263","10,661,890","1,060,719",0,0,150
2008-05-06,"388,557","36,865,399","10,661,890","1,060,719",0,0,150
2008-04-29,"210,580","37,043,377","9,190,579","1,060,719",0,0,148
2008-04-22,"18,965,324","18,288,632","8,164,049","468,451",0,0,120
2008-04-15,"18,965,324","18,288,632","8,164,049","468,451",0,0,120
2008-04-08,"20,469,241","16,784,715","8,164,049","468,451",0,0,108
2008-04-01,"21,558,049","15,695,907","7,443,273","208,184",0,0,91
2008-03-25,"21,558,049","15,695,907","7,333,260","208,603",0,0,89
2008-03-18,"21,558,049","15,695,907","7,370,957","2,079,320",0,0,103
2008-03-11,"21,558,049","15,695,907","7,370,957","2,079,320",0,0,103
2008-03-04,"21,558,049","15,695,907","7,370,957","2,079,320",0,0,103
2008-02-26,"21,558,049","15,695,907","7,370,957","2,079,320",0,0,103
2008-02-19,"5,739,805","31,514,152","11,074,067","2,196,885",0,0,133
2008-02-12,"5,739,805","31,514,152","11,060,299","2,196,885",0,0,133
2008-02-05,"5,739,370","31,514,586","10,920,808","2,196,885",0,0,132
2008-01-29,"5,739,370","31,514,586","11,795,612","2,310,026",0,0,138
2008-01-22,"402,849","36,851,108","30,889,434","13,752,273",0,0,201
2008-01-15,"402,849","36,851,108","30,836,976","13,752,273",0,0,201
2008-01-08,"402,849","36,851,108","30,836,976","13,743,970",0,0,200
2008-01-01,"249,968","37,003,988","36,659,702","25,888,513","10,172,057",0,248
2007-12-25,"249,968","37,003,988","36,659,702","25,888,513","10,170,088",0,248
2007-12-18,"249,968","37,003,988","36,659,702","25,888,513","10,168,991",0,248
2007-12-11,"249,968","37,003,988","36,670,738","25,888,513","10,171,370",0,249
2007-12-04,"249,968","37,003,988","36,670,738","25,888,513","10,162,047",0,249
2007-11-27,"249,968","37,003,988","36,670,738","25,888,931","21,855,522",0,268
2007-11-20,"249,968","37,003,988","36,670,738","25,888,931","21,855,206",0,268
2007-11-13,"249,968","37,003,988","36,670,738","25,888,931","21,849,749",0,268
2007-11-06,"249,968","37,003,988","36,670,738","26,034,522","21,855,949",0,268
2007-10-30,"249,968","37,003,988","36,670,738","26,034,522","21,854,492",0,268
2007-10-23,"180,766","37,073,190","36,788,376","28,699,694","21,845,293",0,279
2007-10-16,"41,141","37,212,816","37,037,759","28,699,694","21,856,603",0,290
2007-10-09,"4,560","37,249,396","37,037,759","28,699,694","21,852,707",0,291
2007-10-02,0,"37,253,956","37,037,759","28,699,694","21,857,057",0,291
2007-09-25,0,"37,253,956","37,037,759","28,699,694","21,857,057",0,291
2007-09-18,0,"37,253,956","37,037,759","28,717,058","22,073,667",0,293
2007-09-11,0,"37,253,956","37,037,759","28,717,058","22,071,757",0,293
2007-09-04,0,"37,253,956","37,037,759","28,717,058","22,065,832",0,293
2007-08-28,0,"37,253,956","37,037,759","28,717,058","22,061,591",0,293
2007-08-21,0,"37,253,956","37,035,190","28,717,058","22,073,667",0,293
2007-08-14,0,"37,253,956","37,035,190","28,717,058","22,071,521",0,293
2007-08-07,0,"37,253,956","37,035,190","28,717,058","22,070,518",0,293
2007-07-31,0,"37,253,956","37,035,190","28,717,058","22,073,109",0,293
2007-07-24,0,"37,253,956","37,035,190","28,717,058","22,073,109",0,293
2007-07-17,0,"37,253,956","37,035,190","28,717,058","22,070,139",0,293
2007-07-10,0,"37,253,956","37,035,190","28,717,058","22,073,109",0,293
2007-07-03,0,"37,253,956","37,035,190","28,717,058","22,068,991",0,293
2007-06-26,0,"37,253,956","37,035,190","28,717,058","22,065,025",0,292
2007-06-19,0,"37,253,956","37,035,190","28,717,058","22,067,842",0,292
2007-06-12,"114,344","37,139,613","37,035,190","28,717,058","22,068,028",0,289
2007-06-05,"114,344","37,139,613","37,035,190","28,717,058","22,071,441",0,289
2007-05-29,"114,344","37,139,613","37,035,190","28,717,058","22,073,034",0,289
2007-05-22,"114,344","37,139,613","37,027,256","28,717,058","22,062,626",0,288
2007-05-15,"114,344","37,139,613","36,940,581","24,762,532","18,889,637",0,276
2007-05-08,"227,109","37,026,848","36,147,398","23,566,082","18,889,637",0,255
2007-05-01,"227,109","37,026,848","36,147,398","23,566,082","18,889,637",0,255
2007-04-24,"229,798","37,024,159","36,183,483","23,566,082","18,889,637",0,255
2007-04-17,"150,804","37,103,153","36,818,191","24,127,673","18,889,637",0,268
2007-04-10,"183,966","37,069,990","34,195,261","20,049,243","14,371,485",0,237
2007-04-03,"240,227","37,013,729","25,138,730","19,142,790","14,371,485",0,209
2007-03-27,"1,252,591","36,001,366","24,717,590","19,144,723","14,371,485",0,196
2007-03-20,"5,776,019","31,477,937","24,713,408","19,138,895","14,370,906",0,188
2007-03-13,"5,689,019","31,564,938","24,711,880","19,138,895","14,370,906",0,188
2007-03-06,"5,689,019","31,564,938","24,043,292","17,624,943",0,0,157
2007-02-27,"5,689,019","31,564,938","24,043,292","17,624,943",0,0,157
2007-02-20,"4,228,995","33,024,962","24,195,581","17,740,479",0,0,174
2007-02-13,"7,427,412","29,826,544","24,022,278","17,732,885",0,0,159
2007-02-06,"523,439","36,730,518","24,912,205","5,811,914",0,0,176
2007-01-30,"525,447","36,728,509","24,912,205","5,944,854",0,0,174
2007-01-23,"537,086","36,716,870","23,010,857","3,456,734",0,0,154
2007-01-16,"11,901,593","25,352,364","20,755,113","473,834",0,0,95
2007-01-09,"11,901,593","25,352,364","20,755,113","473,834",0,0,95
2007-01-02,"12,393,447","24,860,510","20,718,270",0,0,0,86
2006-12-26,"12,344,712","24,909,244","2,350,283",0,0,0,71
2006-12-19,"12,344,712","24,909,244","2,350,283",0,0,0,71
2006-12-12,"13,228,863","24,025,094","129,231",0,0,0,51
2006-12-05,"12,470,728","24,783,229","129,231",0,0,0,57
2006-11-28,"32,603,022","4,650,934","130,563",0,0,0,23
2006-11-21,"32,567,238","4,686,718","130,563",0,0,0,23
2006-11-14,"33,596,953","3,657,003","130,563",0,0,0,16
2006-11-07,"33,596,954","3,657,003","130,563",0,0,0,16
2006-10-31,"33,596,954","3,657,003","130,563",0,0,0,16
2006-10-24,"33,596,954","3,657,003","130,563",0,0,0,16
2006-10-17,"33,596,954","3,657,003","130,563",0,0,0,16
2006-10-10,"34,132,740","3,121,217","130,563",0,0,0,16
2006-10-03,"34,132,740","3,121,217","130,563",0,0,0,16
2006-09-26,"34,056,062","3,197,894","130,563",0,0,0,16
2006-09-19,"34,048,308","3,205,648","130,563",0,0,0,16
2006-09-12,"34,048,308","3,205,648","331,648","7,899",0,0,18
2006-09-05,"33,960,316","3,293,640","331,649","7,976",0,0,18
2006-08-29,"35,549,641","1,704,315","3,357",0,0,0,7
2006-08-22,"35,445,295","1,808,661","4,635",0,0,0,7
2006-08-15,"35,067,814","2,186,142","13,129",0,0,0,8
2006-08-08,"35,067,814","2,186,143","9,926",0,0,0,8
2006-08-01,"35,067,813","2,186,143","9,926",0,0,0,8
2006-07-25,"35,067,813","2,186,143","9,926",0,0,0,8
2006-07-18,"35,067,813","2,186,143","9,926",0,0,0,8
2006-07-11,"35,032,895","2,221,062","9,926",0,0,0,8
2006-07-04,"34,795,935","2,458,022","4,911",0,0,0,8
2006-06-27,"34,816,940","2,437,017","4,970",0,0,0,8
2006-06-20,"35,160,559","2,093,397","4,970",0,0,0,8
2006-06-13,"35,160,559","2,093,397","4,970",0,0,0,8
2006-06-06,"35,160,558","2,093,398","4,970",0,0,0,8
2006-05-30,"35,160,558","2,093,398","4,970",0,0,0,8
2006-05-23,"35,104,060","2,149,897","4,970",0,0,0,8
2006-05-16,"35,104,059","2,149,897","4,970",0,0,0,8
2006-05-09,"35,104,059","2,149,897",1,0,0,0,8
2006-05-02,"35,104,059","2,149,897","1,091",0,0,0,8
2006-04-25,"35,411,290","1,842,667","25,550",0,0,0,7
2006-04-18,"35,411,290","1,842,667","25,550",0,0,0,7
2006-04-11,"35,411,289","1,842,667","25,550",0,0,0,7
2006-04-04,"35,270,533","1,983,423","25,550",0,0,0,8
2006-03-28,"34,828,518","2,425,438","88,572",0,0,0,9
2006-03-21,"33,285,136","3,968,820","88,572",0,0,0,17
2006-03-14,"33,285,137","3,968,820","82,463",0,0,0,17
2006-03-07,"29,962,598","7,291,358","82,462",0,0,0,22
2006-02-28,"25,698,190","11,555,767","77,312",0,0,0,25
2006-02-21,"22,676,438","14,577,518",0,0,0,0,16
2006-02-14,"23,520,189","13,733,767",0,0,0,0,13
2006-02-07,"23,534,273","13,719,683",0,0,0,0,13
2006-01-31,"36,723,223","530,733",0,0,0,0,3
2006-01-24,"36,723,224","530,733",0,0,0,0,3
2006-01-17,"36,723,223","530,733",0,0,0,0,3
2006-01-10,"36,630,760","623,197",0,0,0,0,3
2006-01-03,"36,877,481","376,475",0,0,0,0,2
2005-12-27,"35,840,017","1,413,939",0,0,0,0,6
2005-12-20,"35,839,234","1,414,722",0,0,0,0,6
2005-12-13,"35,225,585","2,028,371",0,0,0,0,10
2005-12-06,"35,225,585","2,028,371",0,0,0,0,10
2005-11-29,"27,792,875","9,461,081",0,0,0,0,25
2005-11-22,"37,252,625","1,331",0,0,0,0,0
2005-11-15,"37,252,625","1,331",0,0,0,0,0
2005-11-08,"37,252,613","1,343",0,0,0,0,0
2005-11-01,"37,251,734","2,223",11,0,0,0,0
2005-10-25,"37,251,734","2,223",11,0,0,0,0
2005-10-18,"37,251,734","2,223",11,0,0,0,0
2005-10-11,"37,251,734","2,223",11,0,0,0,0
2005-10-04,"37,251,734","2,223",11,0,0,0,0
2005-09-27,"37,251,734","2,223",11,0,0,0,0
2005-09-20,"37,250,699","3,257",188,0,0,0,1
2005-09-13,"37,249,218","4,738",222,0,0,0,1
2005-09-06,"37,249,218","4,738",222,0,0,0,1
2005-08-30,"37,246,816","7,140",222,0,0,0,1
2005-08-23,"37,246,905","7,052",222,0,0,0,1
2005-08-16,"37,249,009","4,948",222,0,0,0,1
2005-08-09,"37,248,913","5,044",222,0,0,0,1
2005-08-02,"37,247,257","6,700",222,0,0,0,1
2005-07-26,"37,248,866","5,091",222,0,0,0,1
2005-07-19,"37,248,866","5,091",222,0,0,0,1
2005-07-12,"37,248,866","5,091",222,0,0,0,1
2005-07-05,"37,248,866","5,091",222,0,0,0,1
2005-06-28,"37,248,866","5,091",222,0,0,0,1
2005-06-21,"37,246,880","7,076",222,0,0,0,1
2005-06-14,"37,245,319","8,637",222,0,0,0,2
2005-06-07,"37,245,319","8,637",222,0,0,0,2
2005-05-31,"37,245,319","8,637",222,0,0,0,2
2005-05-24,"37,245,319","8,637",222,0,0,0,2
2005-05-17,"37,245,319","8,637",222,0,0,0,2
2005-05-10,"37,235,757","18,200","5,457",0,0,0,4
2005-05-03,"37,222,640","31,317","9,540",0,0,0,7
2005-04-26,"37,227,941","26,016","9,540",0,0,0,6
2005-04-19,"37,227,941","26,016","9,540",0,0,0,6
2005-04-12,"37,220,059","33,897","15,799",149,0,0,7
2005-04-05,"37,209,596","44,360","15,605",149,0,0,8
2005-03-29,"37,219,339","34,617","17,729",756,0,0,8
2005-03-22,"37,049,539","204,418","18,667",756,0,0,15
2005-03-15,"37,049,539","204,418","18,667",756,0,0,15
2005-03-08,"37,101,456","152,501","9,897",0,0,0,11
2005-03-01,"37,104,315","149,642","9,005",0,0,0,11
2005-02-22,"36,932,325","321,632","9,005",0,0,0,13
2005-02-15,"36,932,325","321,632","9,005",0,0,0,13
2005-02-08,"36,395,525","858,431","90,252",0,0,0,14
2005-02-01,"36,239,337","1,014,620","90,252",0,0,0,15
2005-01-25,"36,235,977","1,017,979","90,252",778,0,0,16
2005-01-18,"36,202,891","1,051,065","90,252",778,0,0,16
2005-01-11,"35,610,809","1,643,148","90,252",778,0,0,21
2005-01-04,"33,542,616","3,711,341","487,346","12,743",0,0,41
2004-12-28,"17,367,430","19,886,527","4,227,190","20,157",0,0,92
2004-12-21,"10,803,835","26,450,121","4,332,302","20,157",0,0,101
2004-12-14,"10,803,835","26,450,121","4,332,302","20,157",0,0,101
2004-12-07,"9,716,741","27,537,216","4,256,720","27,055",0,0,108
2004-11-30,"10,015,342","27,238,614","4,338,471","878,940",0,0,112
2004-11-23,"9,366,795","27,887,162","4,546,021","877,769",0,0,115
2004-11-16,"9,366,797","27,887,160","4,546,021","877,769",0,0,115
2004-11-09,"8,496,187","28,757,769","4,546,021","877,769",0,0,119
2004-11-02,"8,032,257","29,221,700","4,546,021","905,240",0,0,123
2004-10-26,"8,009,672","29,244,285","14,491,862","905,240",0,0,133
2004-10-19,"728,165","36,525,792","23,373,222","9,890,280",0,0,162
2004-10-12,"193,103","37,060,853","24,169,937","13,559,333",0,0,177
2004-10-05,"193,103","37,060,853","24,169,937","13,559,335",0,0,177
2004-09-28,"193,103","37,060,853","24,169,937","13,559,335",0,0,177
2004-09-21,"189,835","37,064,121","24,169,937","13,559,335",0,0,177
2004-09-14,"191,829","37,062,127","24,169,937","13,559,336",0,0,177
2004-09-07,"187,919","37,066,038","24,185,396","13,856,334",0,0,179
2004-08-31,"185,703","37,068,253","24,185,396","13,856,335",0,0,179
2004-08-24,"3,755,580","33,498,376","24,075,115","13,523,234",0,0,172
2004-08-17,"3,755,559","33,498,397","24,075,115","13,523,235",0,0,172
2004-08-10,"3,755,559","33,498,397","24,075,115","14,093,488",0,0,175
2004-08-03,"5,416,132","31,837,824","23,359,525","2,258,381",0,0,151
2004-07-27,"4,929,051","32,324,906","23,359,525","2,258,381",0,0,152
2004-07-20,"4,929,051","32,324,906","23,350,262","721,193",0,0,147
2004-07-13,"4,929,050","32,324,906","23,359,525","586,309",0,0,146
2004-07-06,"4,929,050","32,324,906","23,359,525","586,309",0,0,146
2004-06-29,"4,829,385","32,424,572","23,162,268","571,257",0,0,144
2004-06-22,"5,029,948","32,224,008","23,138,992","571,257",0,0,140
2004-06-15,"4,866,860","32,387,097","23,113,954","567,653",0,0,140
2004-06-08,"4,866,860","32,387,097","23,113,954","567,653",0,0,140
2004-06-01,"5,252,044","32,001,912","23,101,189","445,337",0,0,139
2004-05-25,"4,414,209","32,839,747","22,946,841","471,942",0,0,138
2004-05-18,"4,662,410","32,591,546","22,588,923","471,942",0,0,136
2004-05-11,"4,662,410","32,591,546","22,588,923","471,942",0,0,136
2004-05-04,"4,502,579","32,751,377","22,588,923","471,942",0,0,136
2004-04-27,"9,016,096","28,237,860","2,745,044","471,942",0,0,100
2004-04-20,"9,112,034","28,141,922","2,640,672","466,507",0,0,93
2004-04-13,"9,112,034","28,141,922","2,640,672","466,507",0,0,93
2004-04-06,"15,965,186","21,288,770","2,601,712","412,971",0,0,60
2004-03-30,"15,958,764","21,295,193","2,683,726","820,351",0,0,63
2004-03-23,"32,097,849","5,156,108","2,683,726","820,351",0,0,51
2004-03-16,"32,097,849","5,156,108","2,683,726","820,351",0,0,51
2004-03-09,"32,097,849","5,156,108","2,683,726","820,351",0,0,51
2004-03-02,"32,097,849","5,156,107","2,683,726","820,253",0,0,51
2004-02-24,"28,812,824","8,441,133","2,683,864","746,487",0,0,54
2004-02-17,"22,622,218","14,631,739","2,683,864","746,487",0,0,58
2004-02-10,"22,622,218","14,631,739","2,683,864","746,487",0,0,58
2004-02-03,"22,917,103","14,336,853","2,684,218","746,535",0,0,58
2004-01-27,"22,917,103","14,336,853","2,684,217","722,906",0,0,58
2004-01-20,"21,908,566","15,345,390","2,799,979","722,906",0,0,60
2004-01-13,"27,278,710","9,975,247","3,518,379","860,228",0,0,67
2004-01-06,"28,959,963","8,293,993","3,041,745","763,013",0,0,59
2003-12-30,"27,173,036","10,080,921","3,066,938","900,851",14,0,62
2003-12-23,"15,237,296","22,016,660","8,290,438","861,236",35,0,94
2003-12-16,"16,891,835","20,362,121","7,798,658","887,768",74,0,91
2003-12-09,"15,453,122","21,800,834","7,537,448","782,305",27,0,91
2003-12-02,"15,392,945","21,861,012","7,718,432","865,805",1,0,97
2003-11-25,"15,754,295","21,499,661","7,728,797","917,029",0,0,95
2003-11-18,"15,700,867","21,553,090","7,947,873","935,124",113,0,99
2003-11-11,"15,618,739","21,635,217","8,302,991","872,951",0,0,96
2003-11-04,"11,977,890","25,276,066","9,219,047","923,547",4,0,115
2003-10-28,"803,049","36,450,907","20,630,277","911,253",70,0,147
2003-10-21,"7,589,443","29,664,513","3,348,060","890,443",1,0,111
2003-10-14,"8,325,935","28,928,021","3,187,557","762,937",0,0,105
2003-10-07,"32,701,770","4,552,187","3,411,293","841,100",0,0,69
2003-09-30,"33,006,256","4,247,701","3,245,525","707,423",0,0,65
2003-09-23,"32,643,804","4,610,152","3,531,530","834,768",0,0,69
2003-09-16,"32,779,295","4,474,661","3,395,568","777,257",0,0,68
2003-09-09,"32,957,809","4,296,147","3,337,609","694,224",48,0,71
2003-09-02,"32,764,102","4,489,854","3,822,313","1,873,582",7,0,80
2003-08-26,"33,069,226","4,184,731","2,987,576","1,669,067",53,0,71
2003-08-19,"33,133,042","4,120,914","3,018,110","1,581,671",0,0,70
2003-08-12,"32,767,703","4,486,253","3,062,403","1,078,137",55,0,69
2003-08-05,"32,662,933","4,591,023","3,127,262","1,145,828",186,0,71
2003-07-29,"32,783,100","4,470,856","3,017,298","1,048,210",100,0,69
2003-07-22,"32,304,633","4,949,323","3,198,533","1,038,135",47,0,72
2003-07-15,"32,268,366","4,985,590","3,178,332","946,137",0,0,72
2003-07-08,"32,244,972","5,008,985","3,244,468","1,069,182",6,0,73
2003-07-01,"32,043,436","5,210,521","3,381,555","1,045,348","4,818",0,70
2003-06-24,"32,178,787","5,075,169","3,365,636","1,032,617","6,200",0,69
2003-06-17,"31,978,935","5,275,022","3,479,403","1,025,985","15,987",0,70
2003-06-10,"31,961,049","5,292,908","3,402,016","1,082,059",0,0,71
2003-06-03,"31,846,983","5,406,973","3,483,013","1,119,960",0,0,72
2003-05-27,"32,200,294","5,053,663","3,368,475","1,050,936",0,0,68
2003-05-20,"32,013,475","5,240,482","3,405,377","1,038,287",0,0,69
2003-05-13,"31,730,548","5,523,408","3,419,381","1,048,235",0,0,70
2003-05-06,"30,652,863","6,601,093","4,028,656","1,033,342",0,0,80
2003-04-29,"31,034,346","6,219,611","3,826,046","947,514",0,0,78
2003-04-22,"31,158,982","6,094,974","3,857,661","952,397",128,0,80
2003-04-15,"31,191,633","6,062,323","3,593,445","880,337",181,0,81
2003-04-08,"26,036,895","11,217,062","4,518,240","909,326",633,0,104
2003-04-01,"25,727,436","11,526,521","4,505,927","903,874","10,813",0,105
2003-03-25,"30,069,559","7,184,398","4,350,859","841,952","15,517",0,92
2003-03-18,"29,894,805","7,359,151","4,559,474","886,041","5,462",0,93
2003-03-11,"24,107,726","13,146,230","4,671,804","2,607,904","251,886",0,112
2003-03-04,"31,617,191","5,636,765","3,668,115","2,623,551","353,236",0,94
2003-02-25,"29,747,231","7,506,725","4,946,234","2,807,451","1,513,088",0,105
2003-02-18,"29,745,275","7,508,681","4,944,566","2,790,355","1,568,539",0,105
2003-02-11,"13,712,417","23,541,539","9,577,201","5,338,215","2,738,772",0,137
2003-02-04,"13,795,320","23,458,636","6,818,298","5,347,377","2,846,823",0,126
2003-01-28,"14,002,391","23,251,565","6,339,088","5,274,251","2,869,114",0,119
2003-01-21,"18,362,841","18,891,115","6,672,790","4,735,981","3,138,719",0,110
2003-01-14,"19,807,853","17,446,104","7,122,935","5,044,401","3,163,453",0,113
2003-01-07,"20,167,488","17,086,469","7,189,635","4,932,979","3,157,897",0,116
2002-12-31,"19,888,096","17,365,861","8,073,772","5,205,896","3,173,586",0,117
2002-12-24,"20,019,822","17,234,134","8,431,879","5,243,011","3,226,009",0,120
2002-12-17,"13,118,687","24,135,270","14,433,688","9,024,815","3,175,791",0,140
2002-12-10,0,"37,253,956","16,634,756","9,651,100","3,227,940",0,200
2002-12-03,"2,142,784","35,111,172","15,153,553","9,395,987","3,215,639",0,175
2002-11-26,"1,507,179","35,746,777","16,255,863","9,993,099","5,498,985",0,181
2002-11-19,"1,600,809","35,653,147","15,585,672","9,900,105","5,551,089",0,179
2002-11-12,"1,822,707","35,431,249","15,118,669","9,315,847","5,470,538",0,178
2002-11-05,0,"37,253,956","25,749,715","21,567,226","6,118,474",0,247
2002-10-29,0,"37,253,956","24,822,525","21,365,027","5,923,730",0,236
2002-10-22,0,"37,253,956","24,860,601","21,765,312","5,690,841",0,236
2002-10-15,0,"37,253,956","24,853,194","21,383,700","5,531,010",0,234
2002-10-08,0,"37,253,956","25,172,347","21,491,220","5,503,084",0,234
2002-10-01,"267,468","36,986,488","23,401,577","21,285,139","5,617,910",0,207
2002-09-24,"242,088","37,011,868","23,523,912","21,575,135","5,251,306",0,214
2002-09-17,"260,440","36,993,517","23,435,478","21,516,699","5,269,135",0,213
2002-09-10,"245,239","37,008,718","23,587,904","21,691,814","5,069,326",0,214
2002-09-03,"223,269","37,030,688","23,827,421","21,621,809","4,867,084",0,214
2002-08-27,"499,541","36,754,416","23,490,396","21,645,749","5,299,159",0,216
2002-08-20,"219,998","37,033,958","23,874,161","21,725,735","5,292,668",0,216
2002-08-13,"219,272","37,034,684","23,849,520","21,658,863","7,795,542",0,218
2002-08-06,"228,821","37,025,136","23,806,214","21,647,984","7,806,477",0,217
2002-07-30,"226,053","37,027,903","23,836,704","21,520,961","7,648,338",0,215
2002-07-23,"675,148","36,578,809","23,540,867","21,128,039","7,171,362",0,211
2002-07-16,"345,881","36,908,076","23,461,724","19,395,047","7,050,582",0,204
2002-07-09,"305,062","36,948,894","23,728,484","17,387,219","2,892,162",0,198
2002-07-02,"341,320","36,912,637","23,721,062","16,981,677","2,415,532",0,195
2002-06-25,"349,398","36,904,558","23,350,725","16,951,385","2,314,476",0,194
2002-06-18,"571,717","36,682,240","22,840,461","12,726,224","1,379,712",0,173
2002-06-11,"570,188","36,683,769","21,389,687","5,704,131","589,365",0,156
2002-06-04,"568,390","36,685,566","21,360,483","5,573,267","568,989",0,155
2002-05-28,"573,152","36,680,804","21,592,789","5,694,318","561,368",0,153
2002-05-21,"14,154,351","23,099,606","18,132,190","5,044,719","72,662",0,110
2002-05-14,"14,143,983","23,109,973","18,550,199","5,148,192","87,233",0,111
2002-05-07,"14,166,028","23,087,928","18,502,010","5,098,368","72,509",0,110
2002-04-30,"14,115,773","23,138,184","19,049,614","5,327,230","71,465",0,111
2002-04-23,"14,068,952","23,185,005","19,245,317","7,456,123",0,0,114
2002-04-16,"14,049,223","23,204,733","19,503,380","7,508,087",0,0,115
2002-04-09,"14,300,005","22,953,952","15,974,977","2,764,026",0,0,101
2002-04-02,"14,495,398","22,758,559","4,511,499","948,474",0,0,78
2002-03-26,"14,456,716","22,797,240","3,327,465","196,729",0,0,69
2002-03-19,"14,576,658","22,677,299","3,516,914",0,0,0,67
2002-03-12,"14,477,879","22,776,078","5,877,182",0,0,0,69
2002-03-05,"14,625,292","22,628,665","2,071",0,0,0,47
2002-02-26,"14,866,682","22,387,275","1,229",0,0,0,46
2002-02-19,"14,930,834","22,323,122",488,0,0,0,45
2002-02-12,"14,881,048","22,372,908","1,997",0,0,0,46
2002-02-05,"17,944,651","19,309,306","1,158",0,0,0,25
2002-01-29,"24,854,437","12,399,519","1,086",0,0,0,12
2002-01-22,"24,776,348","12,477,608",795,0,0,0,13
2002-01-15,"37,181,762","72,195","1,923",0,0,0,8
2002-01-08,"37,197,886","56,071",790,0,0,0,7
2002-01-01,"36,252,026","1,001,930","332,864","107,442",0,0,39
2001-12-25,"34,122,446","3,131,511","911,930","285,274",0,0,62
2001-12-18,"30,659,628","6,594,328","2,450,369","832,325","37,574",0,100
2001-12-11,"30,243,411","7,010,546","2,450,369","898,121","98,649",0,109
2001-12-04,"28,113,615","9,140,341","2,586,771","942,913","167,594",0,118
2001-11-27,"23,278,647","13,975,309","6,912,110","2,241,495","717,112",0,152
2001-11-20,"21,646,328","15,607,628","10,357,288","2,241,469","746,056",0,167
2001-11-13,"21,646,328","15,607,628","10,357,288","2,311,620","746,060",0,169
2001-11-06,"21,646,328","15,607,628","10,357,131","2,311,626","746,058",0,169
2001-10-30,"21,646,307","15,607,649","10,357,131","2,311,621","746,058",0,169
2001-10-23,"21,645,671","15,608,285","10,357,131","2,364,970","801,818",0,170
2001-10-16,"21,645,671","15,608,285","10,357,131","2,364,968","801,817",0,170
2001-10-09,"22,313,110","14,940,847","10,357,131","2,364,970","801,817",0,166
2001-10-02,"22,313,110","14,940,847","10,357,131","2,364,282","801,816",0,166
2001-09-25,"22,313,110","14,940,847","10,357,131","2,364,970","801,813",0,166
2001-09-18,"22,313,110","14,940,847","10,357,131","2,364,970","801,814",0,166
2001-09-11,"22,313,130","14,940,826","10,357,131","2,364,970","801,815",0,166
2001-09-04,"26,780,881","10,473,075","2,662,837","1,474,419","787,277",0,132
2001-08-28,"26,780,883","10,473,073","2,662,837","1,474,419","787,277",0,132
2001-08-21,"27,960,742","9,293,214","1,834,628","1,199,265","558,385",0,121
2001-08-14,"27,614,103","9,639,854","1,296,769","713,819","220,711",0,102
2001-08-07,"27,614,103","9,639,854","1,296,769","713,826","208,064",0,102
2001-07-31,"27,614,103","9,639,854","1,296,769","713,826","208,064",0,102
2001-07-24,"27,614,103","9,639,854","1,296,769","713,825","208,064",0,102
2001-07-17,"27,813,649","9,440,307","1,296,769","713,825","208,064",0,101
2001-07-10,"29,105,237","8,148,720","1,240,575","525,841","208,064",0,97
2001-07-03,"27,461,267","9,792,689","1,266,835","580,098","117,437",0,109
2001-06-26,"26,734,314","10,519,643","1,266,835","541,006","21,880",0,100
2001-06-19,"26,735,378","10,518,578","1,001,936","460,017","1,987",0,96
2001-06-12,"30,408,797","6,845,160","897,935","156,269",557,0,83
2001-06-05,"30,408,845","6,845,111","743,205","92,062",557,0,81
2001-05-29,"34,448,948","2,805,009","508,804","69,070",406,0,64
2001-05-22,"34,448,948","2,805,009","508,805","49,163",557,0,61
2001-05-15,"34,448,948","2,805,009","508,804","49,163",557,0,61
2001-05-08,"35,403,755","1,850,202","381,007","49,163",541,0,52
2001-05-01,"35,403,755","1,850,202","381,007","49,163","4,836",0,52
2001-04-24,"35,403,750","1,850,206","381,007","49,163","4,836",0,52
2001-04-17,"35,403,739","1,850,218","381,007","49,163","4,836",0,52
2001-04-10,"35,908,130","1,345,827","308,511","49,165","4,836",0,43
2001-04-03,"35,387,054","1,866,902","401,368","49,165","4,836",0,47
2001-03-27,"35,486,853","1,767,103","65,115",935,0,0,31
2001-03-20,"35,486,853","1,767,103","65,120",935,0,0,31
2001-03-13,"35,481,788","1,772,168","52,041",0,0,0,30
2001-03-06,"35,481,788","1,772,168","52,043",0,0,0,30
2001-02-27,"35,481,788","1,772,168","51,845",0,0,0,30
2001-02-20,"35,292,036","1,961,921","42,181",0,0,0,34
2001-02-13,"34,395,697","2,858,259","47,174",0,0,0,40
2001-02-06,"34,331,444","2,922,512",0,0,0,0,36
2001-01-30,"36,326,634","927,322",0,0,0,0,20
2001-01-23,"36,059,132","1,194,825",0,0,0,0,26
2001-01-16,"35,924,642","1,329,315",0,0,0,0,15
2001-01-09,"16,653,155","20,600,801",0,0,0,0,44
2001-01-02,"16,448,284","20,805,672",0,0,0,0,31
2000-12-26,"37,253,956",0,0,0,0,0,0
2000-12-19,"37,253,956",0,0,0,0,0,0
2000-12-12,"37,253,956",0,0,0,0,0,0
2000-12-05,"37,253,956",0,0,0,0,0,0
2000-11-28,"37,253,956",0,0,0,0,0,0
2000-11-21,"37,253,956",0,0,0,0,0,0
2000-11-14,"37,253,956",0,0,0,0,0,0
2000-11-07,"37,253,956",0,0,0,0,0,0
2000-10-31,"37,253,956",0,0,0,0,0,0
2000-10-24,"34,873,808","2,380,148",0,0,0,0,12
2000-10-17,"33,228,820","4,025,136",0,0,0,0,16
2000-10-10,"34,445,198","2,808,759",0,0,0,0,13
2000-10-03,"34,445,192","2,808,765",0,0,0,0,13
2000-09-26,"34,445,126","2,808,831",0,0,0,0,13
2000-09-19,"34,527,622","2,726,335",0,0,0,0,12
2000-09-12,"34,527,678","2,726,279",0,0,0,0,12
2000-09-05,"34,527,678","2,726,278",0,0,0,0,12
2000-08-29,"33,991,155","3,262,801",0,0,0,0,23
2000-08-22,"33,001,624","4,252,333","286,524",0,0,0,26
2000-08-15,"33,001,624","4,252,333","337,590",0,0,0,27
2000-08-08,"36,101,056","1,152,901",0,0,0,0,12
2000-08-01,"36,803,132","450,824",0,0,0,0,8
2000-07-25,"36,803,130","450,826",0,0,0,0,8
2000-07-18,"37,253,956",0,0,0,0,0,0
2000-07-11,"37,253,956",0,0,0,0,0,0
2000-07-04,"37,253,956",0,0,0,0,0,0
2000-06-27,"37,253,956",0,0,0,0,0,0
2000-06-20,"37,253,956",0,0,0,0,0,0
2000-06-13,"37,253,956",0,0,0,0,0,0
2000-06-06,"37,253,956",0,0,0,0,0,0
2000-05-30,"37,253,956",0,0,0,0,0,0
2000-05-23,"37,253,956",0,0,0,0,0,0
2000-05-16,"37,253,956",0,0,0,0,0,0
2000-05-09,"37,253,956",0,0,0,0,0,0
2000-05-02,"37,253,956",0,0,0,0,0,0
2000-04-25,"37,253,956",0,0,0,0,0,0
2000-04-18,"36,284,858","969,098",0,0,0,0,4
2000-04-11,"36,645,057","608,899",0,0,0,0,3
2000-04-04,"36,645,057","608,899",0,0,0,0,3
2000-03-28,"36,865,386","388,571",0,0,0,0,3
2000-03-21,"36,936,984","316,972",0,0,0,0,3
2000-03-14,"36,936,984","316,972",0,0,0,0,3
2000-03-07,"34,547,798","2,706,159","1,916",0,0,0,9
2000-02-29,"29,044,073","8,209,883","3,038",0,0,0,16
2000-02-22,"17,651,702","19,602,254",117,0,0,0,19
2000-02-15,"14,530,794","22,723,162",117,0,0,0,44
2000-02-08,"14,469,334","22,784,622",0,0,0,0,44
2000-02-01,"13,222,192","24,031,764",0,0,0,0,51
2000-01-25,"12,570,520","24,683,436",0,0,0,0,56
2000-01-18,"8,564,041","28,689,915",0,0,0,0,72
2000-01-11,"5,655,568","31,598,388",0,0,0,0,82
2000-01-04,"9,123,440","28,130,516",0,0,0,0,48
